101_0001.JPG,142.197500,675.248494,-0.367111,76.947500,1127.404744,0.785859,70.230000,657.552100,1.516735
101_0002.JPG,87.417500,139.463194,-0.962816,40.967500,164.871444,0.074891,32.292500,83.001944,-0.278754
101_0003.JPG,134.422500,394.248994,-1.091777,76.820000,902.717600,0.302920,76.397500,513.244494,-0.140097
101_0004.JPG,154.155000,958.505975,0.334829,87.187500,2907.942344,0.543014,78.860000,1324.915400,0.681115
101_0005.JPG,170.750000,879.582500,0.226891,91.455000,3362.992975,0.403371,82.237500,1444.621094,0.499287
101_0006.JPG,97.332500,453.646944,0.011724,42.700000,466.275000,0.746347,41.500000,285.180000,0.238273
101_0007.JPG,91.420000,161.548600,0.350616,48.737500,414.273594,0.694566,50.770000,209.127100,0.589589
101_0008.JPG,109.822500,509.405994,1.354519,75.285000,811.898775,1.442235,62.642500,584.674694,2.733378
101_0009.JPG,186.067500,153.947944,0.653442,87.155000,1120.100975,1.209596,76.920000,486.583600,4.269891
101_0010.JPG,181.852500,224.100744,-0.008073,100.760000,1586.952400,0.590034,94.170000,668.396100,0.803012
101_0011.JPG,99.067500,581.037944,2.561179,56.647500,797.088244,3.659376,46.742500,614.976194,5.942612
101_0012.JPG,101.827500,229.817744,0.042303,64.132500,487.129944,0.399820,59.845000,262.535975,0.135327
101_0013.JPG,125.607500,140.528444,0.737087,64.500000,679.015000,0.711381,63.470000,219.729100,1.176811
101_0014.JPG,140.300000,712.965000,-0.315777,95.752500,1166.521244,0.324888,85.435000,789.760775,0.159098
101_0015.JPG,131.380000,245.705600,-0.919044,85.670000,551.746100,0.961217,80.342500,333.390194,0.881273
101_0016.JPG,175.657500,280.190194,0.980758,96.205000,1820.382975,0.991307,93.530000,871.994100,1.355202
101_0017.JPG,150.322500,240.778494,-0.435357,93.557500,529.901694,-0.408924,86.935000,300.865775,-0.389925
101_0018.JPG,76.967500,146.336444,7.276384,46.680000,383.107600,2.849455,42.015000,283.659775,4.751024
101_0019.JPG,185.227500,142.375744,0.438591,105.962500,1267.431094,0.659762,108.340000,465.809400,0.467660
101_0020.JPG,146.252500,291.278744,-0.178950,83.485000,406.394775,0.460107,81.577500,178.413994,1.809153
101_0021.JPG,116.305000,195.071975,-0.516424,65.622500,372.679994,0.920283,64.005000,214.129975,1.568159
101_0022.JPG,165.920000,516.873600,0.796695,95.490000,2239.299900,0.666977,88.057500,1109.619194,1.039699
101_0023.JPG,111.425000,297.429375,1.011301,65.710000,554.785900,1.201614,62.507500,337.264944,2.094819
101_0024.JPG,136.265000,246.349775,-0.787372,87.917500,493.100694,-0.074527,76.327500,291.805244,0.020313
101_0025.JPG,183.517500,161.304694,0.922437,81.982500,1776.117194,0.934802,91.462500,735.443594,1.631527
101_0026.JPG,121.962500,284.486094,0.231377,73.312500,810.699844,0.258090,78.285000,461.743775,0.255362
101_0027.JPG,153.612500,2209.777344,-0.450493,125.317500,3990.311694,0.309007,129.775000,3597.464375,0.261090
101_0028.JPG,176.117500,817.998694,-1.143998,120.310000,1334.833900,-0.140245,107.960000,1061.233400,-0.124074
101_0029.JPG,145.830000,1399.351100,-0.908888,102.507500,1631.264944,-0.271788,95.642500,1075.919694,-0.346790
101_0030.JPG,157.717500,1584.607694,0.042086,131.150000,3772.247500,0.109066,129.677500,3271.338494,0.162170
101_0031.JPG,126.120000,1382.780600,0.487896,103.830000,2596.816100,0.512882,93.762500,2530.696094,0.818159
101_0032.JPG,151.795000,934.157975,0.099763,123.352500,2391.258244,0.568051,124.397500,2262.704494,0.577224
101_0033.JPG,148.700000,3225.730000,-0.146276,125.172500,4119.657744,0.333071,124.092500,3799.128944,0.282924
101_0034.JPG,111.912500,3033.749844,0.259887,106.137500,3340.563594,0.502407,107.120000,3195.295600,0.426842
101_0035.JPG,123.617500,2970.491194,0.160218,102.540000,3048.893400,0.511899,93.867500,2508.399944,0.674717
101_0036.JPG,110.797500,1466.726494,0.242647,84.430000,2323.335100,0.590946,84.592500,1902.361444,0.513217
101_0037.JPG,110.147500,1433.620744,0.480375,79.650000,2572.437500,0.886292,75.207500,1831.004444,0.830095
101_0038.JPG,137.152500,1475.884244,-0.110962,111.275000,2831.674375,0.283817,116.145000,2523.418975,0.170561
101_0039.JPG,140.072500,2387.157244,-0.354788,108.077500,3927.456494,0.255396,106.422500,3389.598994,0.112241
101_0040.JPG,94.030000,1567.814100,-0.044977,62.192500,1515.640444,1.250417,59.730000,1492.477100,1.420258
101_0041.JPG,118.137500,1329.153594,-0.327772,93.582500,2363.453194,0.358416,96.442500,2143.691694,0.211229
101_0042.JPG,162.697500,1982.940994,-0.889232,123.857500,4024.352194,-0.055441,127.805000,3496.921975,-0.170422
101_0043.JPG,130.160000,1927.289400,-0.280908,96.425000,3157.889375,0.370024,97.105000,2770.418975,0.490334
101_0044.JPG,130.877500,1045.207494,-0.493017,99.900000,2264.350000,0.057209,102.625000,1764.244375,-0.095782
101_0045.JPG,137.260000,864.362400,-0.215290,114.690000,2143.423900,-0.005923,110.637500,1919.941094,0.096961
101_0046.JPG,121.572500,676.669744,-1.403389,90.805000,810.361975,-0.188671,96.775000,781.674375,-0.346587
101_0047.JPG,169.425000,1311.819375,-0.668969,147.350000,3021.167500,-0.092462,156.427500,2649.994744,-0.218972
101_0048.JPG,156.700000,935.550000,0.283964,125.172500,2863.517744,0.387499,128.057500,2115.074194,0.303431
101_0049.JPG,118.312500,691.054844,0.187557,82.947500,1415.654744,0.926609,86.410000,826.281900,0.532734
101_0050.JPG,165.777500,751.197994,-0.143201,131.077500,1981.466494,0.380732,146.827500,1412.407744,-0.047095
101_0051.JPG,155.715000,1146.163775,-0.448669,123.110000,2649.652900,0.116577,129.012500,1946.882344,0.003764
101_0052.JPG,133.082500,669.280694,0.078228,104.907500,856.803944,0.346884,99.252500,1404.948744,0.390837
101_0053.JPG,150.747500,1477.343744,-0.562408,118.470000,2812.264100,0.102001,125.642500,2484.249694,-0.198509
101_0054.JPG,164.105000,1725.348975,0.177301,143.152500,3822.504244,0.161861,147.675000,2870.479375,0.213591
101_0055.JPG,155.952500,986.355244,-1.292956,111.950000,1940.652500,0.302709,117.155000,1545.035975,-0.452004
101_0056.JPG,125.480000,552.004600,-1.028507,92.575000,641.349375,-0.490339,86.302500,638.855994,-0.850070
101_0057.JPG,151.315000,1401.120775,-1.014737,116.620000,3005.385600,0.077281,128.272500,3030.628244,-0.310807
101_0058.JPG,154.915000,1879.047775,-0.185940,121.042500,4142.230694,0.261661,126.337500,3544.628594,0.182933
101_0059.JPG,116.100000,1601.725000,0.299713,88.557500,2057.466694,0.976425,85.665000,1837.227775,1.004326
101_0060.JPG,170.575000,1515.519375,-1.131316,139.927500,2995.947244,-0.221081,149.710000,2699.515900,-0.582959
101_0061.JPG,147.810000,862.803900,0.002608,108.630000,2465.733100,0.570711,114.427500,1839.674744,0.585434
101_0062.JPG,86.062500,635.798594,0.544428,60.422500,778.723994,1.369169,49.832500,521.564444,1.592853
101_0063.JPG,160.572500,1204.194744,-0.234052,140.305000,2404.151975,-0.035836,140.240000,1837.577400,-0.151995
101_0064.JPG,162.865000,931.981775,-1.035218,126.370000,2422.358100,-0.159129,128.455000,1608.082975,-0.409388
101_0065.JPG,137.017500,1174.372194,-0.087049,102.350000,2064.377500,0.431524,95.270000,1594.892100,0.084087
101_0066.JPG,175.960000,1276.878400,-0.734254,148.995000,2524.619975,-0.210792,147.420000,2140.353600,-0.064764
101_0067.JPG,150.665000,1803.572775,-0.541840,120.140000,3345.575400,0.247629,129.100000,3093.155000,0.038096
101_0068.JPG,113.357500,1453.314694,0.251839,79.277500,1485.835494,0.744150,74.765000,1148.339775,0.709753
101_0069.JPG,145.622500,2408.184994,-0.196819,116.092500,3663.713944,0.183702,117.745000,3548.554975,0.168402
101_0070.JPG,162.555000,1547.581975,-1.277245,113.962500,2854.001094,0.315064,126.672500,2179.215244,-0.273220
101_0071.JPG,124.877500,661.712494,-0.971756,77.657500,843.830194,0.028857,75.535000,515.133775,-1.058119
101_0072.JPG,166.812500,801.127344,-0.500827,132.477500,2253.004494,0.074427,143.125000,1700.349375,-0.387017
101_0073.JPG,145.777500,1609.157994,-0.296742,118.117500,3175.158694,0.499960,121.685000,2871.110775,0.350107
101_0074.JPG,115.250000,1150.912500,0.373406,75.822500,1028.150994,-0.170079,74.277500,1211.210494,0.323224
101_0075.JPG,153.702500,1438.828994,-1.063278,122.915000,2249.477775,-0.260292,128.352500,2044.958244,-0.614105
101_0076.JPG,135.485000,799.774775,0.707496,109.942500,1770.009194,0.445011,115.872500,1523.676244,0.398985
101_0077.JPG,83.857500,212.587194,0.146973,56.850000,310.787500,0.311289,54.820000,217.407600,0.334326
101_0078.JPG,152.862500,237.478594,-0.330990,118.382500,1265.121194,0.476575,135.082500,783.570694,0.413877
101_0079.JPG,148.710000,1722.730900,-0.706325,81.585000,2664.107775,0.380250,80.437500,1684.976094,0.172526
101_0080.JPG,153.915000,1441.802775,-0.835528,81.645000,1759.038975,0.210711,78.445000,1106.681975,-0.221350
101_0081.JPG,129.825000,1063.084375,0.093136,70.810000,666.348900,0.370647,65.685000,668.920775,0.250585
101_0082.JPG,122.075000,1169.919375,0.134146,58.880000,1233.020600,0.775913,56.530000,855.529100,0.434701
101_0083.JPG,192.505000,1138.114975,-0.443896,116.555000,3542.376975,-0.033752,109.965000,2383.728775,0.116347
101_0084.JPG,226.060000,645.106400,-1.003602,165.987500,4581.367344,-0.167068,151.150000,4275.722500,0.125952
101_0085.JPG,166.457500,1355.118194,0.251251,95.252500,3509.838744,0.479737,86.182500,2662.944194,0.676747
101_0086.JPG,139.692500,380.077944,-0.204852,91.110000,1363.182900,0.485150,72.312500,762.169844,0.488926
101_0087.JPG,144.645000,145.913975,-0.218799,87.715000,601.118775,0.398321,71.700000,365.450000,0.322032
101_0088.JPG,86.915000,226.427775,-0.339674,60.480000,302.169600,-0.276832,49.435000,147.045775,-0.287417
101_0089.JPG,148.537500,553.948594,-0.347775,100.565000,1395.485775,0.715550,80.925000,904.809375,0.668515
101_0090.JPG,88.905000,826.845975,-0.651123,55.637500,860.106094,0.036156,41.555000,522.021975,0.116693
101_0091.JPG,122.845000,239.315975,-0.920345,76.500000,645.770000,0.228673,60.877500,363.582494,0.297808
101_0092.JPG,159.117500,2458.128694,-0.591703,99.970000,3179.964100,0.282643,74.487500,2146.584844,0.370916
101_0093.JPG,199.372500,787.408744,-0.958491,155.495000,2974.909975,-0.604920,126.710000,2397.325900,-0.265478
101_0094.JPG,120.695000,3349.846975,-0.177564,76.187500,2837.367344,0.053756,62.327500,2299.210244,0.210704
101_0095.JPG,132.682500,3113.026694,-0.357926,78.527500,3111.804244,0.283346,56.875000,1851.514375,0.343129
101_0096.JPG,175.877500,1823.297494,-1.158472,119.740000,4111.747400,-0.125809,98.295000,3152.577975,0.002066
101_0097.JPG,89.722500,838.160494,0.732991,45.047500,658.815244,1.340142,39.470000,580.844100,1.915433
101_0098.JPG,127.480000,2794.469600,-0.260843,74.962500,2941.331094,0.410341,52.612500,1616.377344,0.438701
101_0099.JPG,68.180000,332.947600,2.143771,32.570000,321.180100,3.783596,18.892500,227.225944,6.942496
101_0100.JPG,177.907500,587.548944,-0.834406,119.980000,2766.549600,-0.040088,97.677500,2063.758494,0.215735
101_0101.JPG,130.077500,2702.206494,-0.354509,67.972500,3121.081744,0.975500,54.580000,2242.728600,1.025935
101_0102.JPG,114.825000,1039.119375,0.794505,63.430000,1275.090100,0.992580,38.805000,1068.671975,1.564677
101_0103.JPG,164.100000,1087.760000,-1.299239,111.125000,2952.819375,-0.165922,94.322500,2617.588494,0.085915
101_0104.JPG,137.547500,361.277744,-2.816393,75.100000,767.210000,0.079384,61.827500,496.232744,-0.289092
101_0105.JPG,163.782500,238.945194,-0.690691,92.622500,636.779994,0.232850,64.047500,633.170244,0.555664
101_0106.JPG,182.607500,361.023444,-1.842904,111.550000,1612.797500,-0.347922,79.002500,985.762494,1.016832
101_0107.JPG,122.255000,2738.409975,0.015740,111.510000,3124.869900,0.482433,113.455000,3097.787975,0.435132
101_0108.JPG,164.472500,2768.289244,-0.369071,140.622500,4488.459994,-0.033460,147.030000,4479.694100,-0.130078
101_0109.JPG,120.357500,1718.649694,-0.476873,112.027500,2598.601744,-0.048861,125.197500,2767.463494,-0.336154
101_0110.JPG,152.335000,3289.887775,-0.311628,139.525000,5357.829375,-0.178104,145.557500,4720.431694,-0.211605
101_0111.JPG,99.537500,1635.828594,0.566996,85.880000,2173.820600,0.999094,80.685000,1845.380775,1.103108
101_0112.JPG,169.765000,453.619775,0.210319,129.330000,2443.806100,0.229262,126.065000,1537.110775,0.281430
101_0113.JPG,183.820000,1215.952600,-0.270256,149.907500,2820.593944,0.445471,157.700000,2562.155000,0.141415
101_0114.JPG,194.577500,1342.838994,-0.834794,159.925000,2659.064375,-0.198989,152.385000,3039.186775,-0.084410
101_0115.JPG,188.217500,981.690194,-1.512756,171.682500,2095.521694,-0.583312,175.415000,1787.012775,-1.012112
101_0116.JPG,164.762500,2731.346094,-0.333574,132.727500,4501.058244,0.041558,134.810000,4592.443900,0.046434
101_0117.JPG,140.740000,2437.557400,-0.457779,96.605000,1891.458975,-0.444736,93.392500,2414.073444,0.153665
101_0118.JPG,147.372500,2104.263744,-0.910569,103.857500,2070.952194,-0.524890,99.515000,1678.324775,-0.677524
101_0119.JPG,123.665000,1365.447775,0.128841,84.460000,3317.718400,0.635574,93.807500,2929.970444,0.547775
101_0120.JPG,190.625000,1120.584375,-1.027104,145.132500,3194.534944,-0.403158,112.895000,2669.223975,-0.075229
101_0121.JPG,68.512500,275.964844,0.538080,32.170000,209.981100,0.815396,17.930000,107.960100,1.600799
101_0122.JPG,164.702500,1110.603994,-1.239026,111.395000,2773.183975,-0.208631,93.202500,2405.406494,0.114846
101_0123.JPG,100.335000,457.317775,-0.410098,78.385000,802.966775,0.269736,73.415000,722.357775,0.090246
101_0124.JPG,97.925000,567.094375,-0.005952,73.452500,450.557744,-0.223952,70.952500,665.510244,-0.038414
101_0125.JPG,143.527500,849.064244,-0.712086,112.232500,1860.933444,0.173211,124.470000,1994.954100,0.047826
101_0126.JPG,114.555000,684.661975,0.207782,78.477500,1478.954494,1.199346,84.530000,1241.644100,0.946479
101_0127.JPG,140.800000,868.070000,0.311871,112.727500,1201.878244,0.085057,113.672500,1556.790244,0.680554
101_0128.JPG,144.117500,720.483694,-0.053694,106.980000,1053.404600,0.343196,116.835000,1162.467775,0.180308
101_0129.JPG,166.922500,878.431494,0.201436,129.127500,3211.181244,0.483849,134.590000,2637.896900,0.471925
101_0130.JPG,129.787500,559.582344,-0.133871,99.857500,1098.912194,0.075759,97.502500,1196.689994,0.158791
101_0131.JPG,139.517500,832.779694,-0.495551,107.960000,2068.868400,0.371165,115.725000,2115.789375,0.201570
101_0132.JPG,162.445000,1252.901975,0.715723,122.125000,3703.164375,0.731138,131.992500,2736.717444,0.816273
101_0133.JPG,96.362500,365.361094,-1.041323,64.950000,550.257500,-0.008162,60.732500,441.470944,-0.051742
101_0134.JPG,136.475000,316.599375,-0.333856,90.597500,677.625494,0.673504,99.390000,491.827900,0.605729
101_0135.JPG,143.377500,1273.784994,0.239190,111.525000,2935.094375,0.639552,120.310000,2103.308900,0.337358
101_0136.JPG,83.825000,371.854375,-0.731479,56.860000,447.470400,0.147682,45.972500,214.281744,-0.538555
101_0137.JPG,165.252500,867.628744,-0.891706,141.025000,1727.184375,-0.339595,151.492500,1536.214944,-0.658764
101_0138.JPG,180.452500,1578.387744,-0.735286,135.665000,4453.572775,0.092933,144.717500,3406.017694,-0.033582
101_0139.JPG,125.572500,1063.019744,-0.496042,100.242500,1997.838694,0.205658,89.007500,1589.587444,0.683965
101_0140.JPG,123.287500,1141.704844,-0.325023,101.955000,2232.092975,0.170160,98.075000,1954.109375,0.174488
101_0141.JPG,149.782500,892.565194,-1.126056,112.962500,1754.136094,-0.143083,117.045000,1365.922975,-0.302685
101_0142.JPG,153.532500,1423.948944,0.105573,128.957500,4317.755694,0.380127,133.222500,3591.552994,0.382295
101_0143.JPG,173.137500,1047.078594,0.222770,143.537500,4029.668594,0.374711,154.135000,2875.116775,0.329980
101_0144.JPG,88.417500,765.168194,-0.035100,60.522500,647.454494,0.110829,56.537500,911.273594,0.125619
101_0145.JPG,112.902500,618.202994,-0.936896,73.100000,897.485000,0.202785,75.200000,648.015000,0.036186
101_0146.JPG,150.227500,1913.310744,-0.752581,124.142500,3565.887194,-0.032807,137.567500,2997.075444,-0.450971
101_0147.JPG,144.330000,1442.781100,-0.539039,109.852500,1334.005744,-0.046526,111.422500,1281.473994,-0.273084
101_0148.JPG,141.637500,1743.851094,0.048251,109.470000,2446.654100,0.256442,115.475000,2415.799375,0.376614
101_0149.JPG,142.242500,1325.033694,-0.676956,101.937500,1875.398594,0.256191,100.285000,1750.003775,0.052277
101_0150.JPG,125.060000,1650.801400,-0.440491,84.182500,1481.709194,-0.208049,84.672500,1670.435244,-0.382673
101_0151.JPG,130.722500,757.345494,0.462032,102.915000,1057.537775,0.418482,104.347500,1130.416744,0.633173
101_0152.JPG,142.462500,1142.573594,-0.224619,92.022500,952.251994,0.324523,106.430000,1207.125100,-0.004295
101_0153.JPG,151.210000,1650.550900,-0.711104,98.890000,1338.912900,-0.594981,95.240000,1939.237400,-0.618003
101_0154.JPG,155.442500,718.036694,0.707066,107.392500,701.513444,0.234770,111.407500,1000.936444,0.803213
101_0155.JPG,144.377500,1926.059994,-0.014080,118.012500,2103.707344,0.256442,123.370000,2291.803100,0.334553
101_0156.JPG,129.490000,1191.714900,-0.631414,101.850000,907.217500,-0.362420,92.195000,711.901975,-0.231245
101_0157.JPG,106.692500,699.717944,0.487902,95.677500,845.523494,0.770450,95.072500,754.937244,0.761737
101_0158.JPG,149.060000,1021.721400,-0.866195,94.630000,3535.618100,0.214665,100.742500,2327.966194,0.172994
101_0159.JPG,160.310000,1078.638900,-0.863846,105.207500,2635.044444,0.040633,118.122500,2044.042494,-0.159825
101_0160.JPG,120.862500,322.153594,0.409502,98.932500,1152.097944,0.539590,94.557500,686.646694,0.794918
101_0161.JPG,108.715000,285.633775,0.398377,90.885000,917.686775,0.672157,90.387500,581.737344,0.866956
101_0162.JPG,94.350000,157.712500,0.339036,72.967500,428.146444,0.409178,60.202500,231.606494,0.649947
101_0163.JPG,104.792500,87.099444,-0.584622,77.045000,490.897975,0.255151,73.210000,312.425900,0.363542
101_0164.JPG,134.592500,2628.406444,0.286167,101.020000,2160.139600,0.424527,123.415000,3176.312775,0.397134
101_0165.JPG,128.122500,1920.517494,1.428410,94.890000,2670.917900,1.545153,94.667500,2949.681944,1.600838
101_0166.JPG,158.547500,1301.777744,-0.123266,127.705000,1678.122975,-0.129724,142.032500,2030.971444,-0.235024
101_0167.JPG,147.475000,1592.894375,-0.735079,107.680000,2879.162600,0.542831,109.685000,2315.265775,0.421711
101_0168.JPG,65.300000,118.840000,-0.037574,46.902500,95.202994,-0.119720,38.200000,78.185000,1.194793
101_0169.JPG,189.205000,1270.032975,-1.108859,149.360000,2824.195400,0.079227,153.830000,2475.406100,-0.612011
101_0170.JPG,180.875000,3070.429375,-1.571775,131.312500,2801.479844,-0.578748,120.985000,2897.794775,-0.407054
101_0171.JPG,194.115000,605.016775,0.067812,154.167500,1462.434444,0.261836,146.192500,1619.130444,-0.046371
101_0172.JPG,156.275000,2156.414375,-0.205530,127.492500,4309.254944,0.194677,130.632500,3401.277444,0.185460
101_0173.JPG,127.952500,1126.995244,-0.804009,90.482500,1553.999694,0.167410,81.390000,1073.497900,-0.432701
101_0174.JPG,139.142500,1106.772194,-0.119526,107.982500,2732.742194,0.252197,105.352500,1885.698244,0.341310
101_0175.JPG,131.535000,1751.438775,0.457627,86.595000,3895.895975,0.765425,84.077500,2658.896494,0.886648
101_0176.JPG,95.815000,771.470775,-0.391533,50.065000,608.550775,0.937466,46.055000,416.141975,0.300883
101_0177.JPG,170.790000,1852.030900,-0.467275,130.540000,4585.708400,0.160919,135.352500,3621.373244,0.091521
101_0178.JPG,93.507500,332.599944,-0.827210,48.292500,494.586944,1.021867,46.400000,338.915000,0.493305
101_0179.JPG,179.540000,506.878400,-0.536851,139.875000,2162.104375,0.015983,150.580000,1296.488600,-0.210448
101_0180.JPG,166.440000,943.916400,-0.788102,122.040000,2938.313400,0.010242,119.667500,1613.416944,-0.145352
101_0181.JPG,142.137500,862.178594,0.130838,99.452500,2425.397744,0.572788,102.337500,1377.193594,0.483561
101_0182.JPG,117.680000,678.807600,-0.022867,82.870000,1058.278100,0.523354,84.050000,956.172500,0.406222
101_0183.JPG,120.265000,798.554775,0.053216,91.195000,1247.056975,0.364266,90.510000,1073.999900,0.142967
101_0184.JPG,140.350000,416.327500,-0.322469,106.690000,1053.958900,0.373256,113.370000,806.743100,0.153623
101_0185.JPG,190.335000,1869.187775,-1.064787,147.200000,5439.435000,-0.179680,162.110000,3926.507900,-0.517380
101_0186.JPG,142.235000,1704.844775,-0.442690,106.415000,3556.312775,0.065609,103.747500,2498.188744,0.167476
101_0187.JPG,175.220000,1782.231600,-0.925778,127.097500,4380.392994,0.102302,138.127500,3100.031244,-0.202009
101_0188.JPG,167.057500,1479.959194,-0.648330,146.715000,3438.668775,-0.033157,152.512500,2664.679844,-0.282496
101_0189.JPG,83.790000,389.020900,-0.006734,63.667500,712.381944,0.730253,62.670000,412.466100,-0.158323
101_0190.JPG,158.482500,1089.394694,-0.346241,128.052500,2865.764744,0.288709,128.037500,1944.146094,0.039518
101_0191.JPG,117.937500,1280.168594,0.584126,89.197500,3321.048494,0.740281,96.152500,2730.729244,0.767467
101_0192.JPG,80.955000,282.632975,-0.437408,61.690000,689.613900,0.508893,63.790000,724.620900,0.757824
101_0193.JPG,183.175000,653.499375,-0.462416,129.565000,3168.770775,0.292602,139.905000,2536.230975,0.113703
101_0194.JPG,123.722500,1084.475494,0.135974,86.277500,1529.825494,0.154051,88.625000,1228.194375,0.227079
101_0195.JPG,142.612500,1359.397344,0.030940,100.712500,3508.409844,0.335751,101.082500,3021.125694,0.337786
101_0196.JPG,106.667500,609.016944,1.617226,101.150000,1493.787500,1.063816,101.502500,1460.304994,1.465971
101_0197.JPG,110.780000,1155.656600,-0.240070,91.250000,2424.067500,0.268102,89.702500,2125.138994,0.289704
101_0198.JPG,117.612500,395.357344,-0.260779,105.920000,1347.588600,0.186272,112.245000,1095.269975,0.061207
101_0199.JPG,117.217500,351.215194,-0.044006,93.847500,844.224244,0.165683,92.850000,728.997500,0.197789
101_0200.JPG,107.155000,325.390975,-0.606660,66.920000,540.068600,0.276192,71.002500,404.877494,-0.229805
101_0201.JPG,142.690000,302.223900,-0.622792,105.097500,1042.057994,0.145503,111.457500,857.268194,-0.053075
101_0202.JPG,198.280000,1444.081600,-0.403209,152.077500,6101.961494,-0.139822,161.730000,3978.737100,0.058417
101_0203.JPG,153.550000,1272.347500,-0.666339,113.052500,3612.549744,-0.148908,110.100000,2401.520000,-0.131452
101_0204.JPG,109.225000,939.489375,-0.636940,73.457500,1551.303194,0.078462,73.240000,1027.887400,0.256708
101_0205.JPG,179.520000,1596.199600,-0.143165,140.470000,3793.674100,0.497896,148.690000,3306.058900,0.265979
101_0206.JPG,188.922500,1317.681494,-1.330058,144.510000,3297.909900,-0.396643,141.412500,2629.452344,-0.531507
101_0207.JPG,163.265000,2210.964775,-0.573264,120.742500,3948.126194,0.278300,122.535000,3678.373775,0.116222
101_0208.JPG,179.735000,1620.104775,-0.858027,116.480000,5662.344600,0.365581,130.207500,4111.134444,0.194245
101_0209.JPG,131.805000,1784.576975,-0.611851,70.330000,2110.421100,0.695420,82.897500,1767.426994,0.315164
101_0210.JPG,149.892500,1566.420944,-0.862321,99.522500,3089.144494,-0.051978,99.252500,1910.978744,-0.253306
101_0211.JPG,174.895000,1374.038975,-0.569188,120.730000,3646.242100,0.426367,124.662500,2913.183594,0.348035
101_0212.JPG,177.535000,965.463775,-0.827128,135.035000,1731.353775,-0.353410,129.512500,1785.414844,-0.407490
101_0213.JPG,148.777500,995.527994,-0.767660,111.502500,1531.789994,-0.191620,113.495000,1595.749975,-0.316219
101_0214.JPG,153.415000,1157.067775,-0.994048,126.332500,1711.401944,-0.905254,117.980000,1825.944600,-0.718917
101_0215.JPG,138.575000,1538.144375,-0.290537,96.555000,1098.891975,0.089435,103.052500,1557.464744,-0.066335
101_0216.JPG,112.265000,2776.969775,0.297923,84.405000,1985.775975,0.218169,85.437500,3097.291094,0.502919
101_0217.JPG,142.265000,1377.369775,-0.747856,118.810000,2055.138900,-0.086406,113.297500,2202.373994,-0.384013
101_0218.JPG,100.840000,547.289400,0.228446,69.750000,366.807500,0.159924,54.482500,413.259694,0.138977
101_0219.JPG,162.215000,1844.693775,-0.509148,132.542500,3322.368194,0.080209,140.900000,3055.170000,-0.177488
101_0220.JPG,155.087500,1812.599844,-0.201487,114.392500,3399.208444,0.692571,115.827500,2884.667744,0.462517
101_0221.JPG,162.305000,1474.771975,-0.061854,136.990000,3410.204900,0.285429,142.380000,2989.650600,0.189200
101_0222.JPG,187.992500,719.402444,-0.343413,168.130000,2373.478100,-0.275743,169.312500,2005.429844,-0.319205
101_0223.JPG,190.272500,2018.613244,-2.219403,171.095000,3514.605975,-0.973817,170.580000,3316.988600,-0.997471
101_0224.JPG,156.342500,2974.770194,-1.188083,134.085000,4000.002775,-0.447697,136.270000,3548.637100,-0.579143
101_0225.JPG,143.550000,1360.067500,-0.456863,79.190000,1642.688900,0.723517,73.577500,1371.653994,0.543442
101_0226.JPG,113.682500,702.401694,-0.118533,57.900000,445.580000,0.290237,55.077500,496.231494,0.276481
101_0227.JPG,149.482500,1046.549694,-0.658224,82.850000,1708.602500,0.873378,81.712500,1269.319844,0.674427
101_0228.JPG,156.462500,534.318594,-0.651957,95.492500,1872.214944,0.130705,93.462500,1254.673594,-0.013001
101_0229.JPG,121.892500,650.010944,-1.075616,73.747500,1004.708744,-0.080515,67.380000,641.050600,-0.445144
101_0230.JPG,150.832500,503.619444,-0.866156,92.987500,1484.322344,0.253152,93.595000,993.090975,0.160346
101_0231.JPG,148.715000,1204.423775,0.005475,102.430000,3415.035100,0.449939,98.535000,2608.288775,0.578981
101_0232.JPG,125.987500,744.717344,0.007142,70.265000,1294.019775,1.170803,62.490000,1009.079900,1.334838
101_0233.JPG,143.140000,1115.030400,0.583006,95.335000,2782.057775,0.796194,92.917500,2397.460694,0.897621
101_0234.JPG,149.057500,1750.694194,-0.351401,89.935000,2772.190775,0.403108,87.227500,1857.110744,0.084667
101_0235.JPG,117.255000,1566.264975,0.260191,70.685000,2015.880775,0.643254,62.360000,1144.000400,0.476499
101_0236.JPG,136.510000,1428.029900,0.128130,87.615000,2561.746775,0.364246,82.030000,1498.609100,0.340639
101_0237.JPG,152.032500,498.481444,-0.192875,94.847500,1592.969244,0.325631,90.917500,952.890694,0.325885
101_0238.JPG,164.532500,647.923944,-0.088719,116.282500,2442.922694,0.006166,113.172500,1763.447744,0.022309
101_0239.JPG,120.612500,1061.537344,0.120161,68.490000,1513.329900,1.197980,61.235000,837.219775,1.046935
101_0240.JPG,158.687500,798.214844,0.320007,104.717500,2489.612694,0.346516,92.550000,1267.207500,0.612176
101_0241.JPG,117.630000,665.373100,-1.309295,64.507500,633.559944,-0.087832,49.972500,435.376744,-0.556024
101_0242.JPG,162.552500,407.937244,0.724459,100.542500,1584.363194,0.401802,93.182500,665.929194,0.266668
101_0243.JPG,159.377500,514.304994,-0.566640,98.220000,2175.536600,0.138868,90.037500,1203.236094,0.286904
101_0244.JPG,116.602500,463.944494,0.100627,69.647500,1283.713244,0.747885,61.932500,862.022944,1.365541
101_0245.JPG,135.732500,890.040944,0.620038,86.732500,2582.710944,0.574900,83.442500,1765.676694,0.754165
101_0246.JPG,182.062500,1324.953594,-0.099521,158.810000,3641.168900,-0.087173,169.517500,2398.089694,-0.110567
101_0247.JPG,136.482500,1293.239694,0.162730,123.267500,2608.205944,0.085427,121.787500,1857.067344,0.103375
101_0248.JPG,135.665000,1327.652775,-0.029383,108.180000,2915.812600,0.420945,114.987500,2353.127344,0.446132
101_0249.JPG,172.745000,1373.924975,-0.003066,145.267500,3216.105944,0.377934,150.407500,2714.316444,0.291047
101_0250.JPG,143.972500,835.251744,-0.220561,126.890000,1827.422900,0.102197,121.150000,1374.037500,0.280717
101_0251.JPG,126.115000,1367.386775,0.194743,106.680000,2301.077600,0.547804,106.175000,1986.174375,0.532172
101_0252.JPG,164.465000,2473.198775,-0.363115,140.705000,3795.922975,-0.048449,141.240000,3442.437400,0.000370
101_0253.JPG,184.867500,2168.274944,-0.922579,148.042500,3450.585694,-0.268257,147.242500,3604.618694,-0.553059
101_0254.JPG,110.822500,3565.415994,0.436946,67.260000,2582.987400,1.148275,72.045000,3031.597975,1.122351
101_0255.JPG,152.147500,1110.730744,-0.487711,110.475000,2625.654375,0.617455,111.360000,1845.535400,0.353115
101_0256.JPG,125.902500,815.787994,-0.070842,90.665000,1399.717775,0.517830,86.592500,845.926444,0.155038
101_0257.JPG,116.735000,881.974775,-0.237359,78.417500,1162.113194,0.680091,80.840000,1136.769400,0.412722
101_0258.JPG,167.115000,1662.466775,0.090213,136.627500,3826.528744,0.475839,142.085000,3532.797775,0.381281
101_0259.JPG,108.545000,1811.107975,0.377890,81.555000,2731.591975,0.928173,76.260000,2689.817400,1.058485
101_0260.JPG,99.100000,1987.565000,1.104983,62.185000,2590.290775,1.768442,63.122500,2853.377494,1.670384
101_0261.JPG,92.095000,553.390975,-0.735806,66.767500,795.043444,0.062868,65.487500,559.414844,-0.041454
101_0262.JPG,150.197500,533.128494,-0.801028,106.585000,966.602775,0.099493,100.557500,548.061694,-0.521997
101_0263.JPG,162.130000,1380.408100,-0.596684,121.082500,1900.780694,-0.361082,119.230000,1889.687100,-0.471550
101_0264.JPG,176.880000,1827.235600,-0.838731,138.027500,4292.776744,0.131294,131.377500,3474.234994,0.123686
101_0265.JPG,136.235000,1206.764775,-0.246166,103.445000,2216.366975,0.527522,97.042500,1580.520694,0.437146
101_0266.JPG,164.517500,1843.769694,-0.066100,122.370000,4054.593100,0.528815,116.652500,3401.521744,0.809333
101_0267.JPG,150.250000,599.437500,-0.151501,103.632500,1433.832444,0.591935,106.460000,1085.593400,0.367099
101_0268.JPG,116.375000,633.844375,-0.081138,88.620000,1211.640600,0.563286,88.835000,928.727775,0.257686
101_0269.JPG,128.585000,926.912775,-0.448952,84.462500,1115.138594,1.012075,83.795000,1160.342975,0.760976
101_0270.JPG,160.505000,3999.924975,-0.716784,133.790000,5112.845900,-0.237809,122.205000,4921.822975,-0.095820
101_0271.JPG,161.682500,1582.516694,-1.037974,133.712500,2565.269844,-0.577561,108.162500,2610.701094,0.195864
101_0272.JPG,156.055000,1264.876975,-1.113001,131.705000,2007.677975,-0.500836,122.822500,1803.290994,-0.322052
101_0273.JPG,114.902500,862.887994,-0.173746,66.745000,1030.049975,0.834083,68.305000,742.341975,0.800686
101_0274.JPG,128.787500,743.587344,0.812963,89.212500,1595.532344,0.860965,93.447500,1358.197244,0.740418
101_0275.JPG,146.985000,586.899775,-0.560883,119.547500,1538.842744,0.180407,128.105000,1558.658975,0.407851
101_0276.JPG,144.597500,320.500494,0.149799,121.820000,1909.137600,0.201972,125.970000,1129.549100,0.472801
101_0277.JPG,160.297500,536.003994,0.321011,131.292500,1770.806944,0.773942,140.162500,1584.921094,1.093389
101_0278.JPG,178.210000,472.365900,-0.429912,133.020000,2188.749600,0.332909,140.702500,1498.433994,0.316383
101_0279.JPG,138.982500,684.107194,-0.199283,98.972500,1976.126744,0.500112,93.347500,1231.811744,0.594908
101_0280.JPG,181.377500,482.369994,-0.606740,139.102500,1779.816994,0.286591,145.345000,1354.395975,0.252459
101_0281.JPG,171.177500,692.010994,1.218479,140.322500,2057.663494,0.574749,131.677500,2195.473494,0.835637
101_0282.JPG,140.510000,405.029900,0.093025,104.575000,1290.709375,0.425555,98.297500,1013.378994,0.473713
101_0283.JPG,144.317500,360.001694,-0.378970,117.097500,825.922994,0.107283,112.582500,712.658194,0.257275
101_0284.JPG,93.965000,272.943775,0.908040,90.290000,619.575900,0.769962,88.410000,616.386900,0.857131
101_0285.JPG,164.860000,2543.555400,-1.272562,123.337500,3821.418594,-0.182104,112.210000,2847.340900,-0.151097
101_0286.JPG,171.987500,907.697344,-0.505556,132.590000,1524.511900,0.264702,123.812500,1330.042344,0.090641
101_0287.JPG,191.422500,602.503994,-1.062287,162.887500,1377.939844,-0.921749,167.215000,1015.553775,-0.998736
101_0288.JPG,136.150000,1130.607500,0.246213,89.792500,2639.009444,0.817672,84.317500,1849.271694,0.816354
101_0289.JPG,137.300000,469.280000,-0.603533,103.587500,553.062344,-0.510413,99.387500,745.747344,-0.144855
101_0290.JPG,161.240000,812.522400,-1.085516,124.447500,1697.372244,-0.020076,121.812500,1413.212344,-0.099371
101_0291.JPG,110.690000,645.628900,-0.628833,69.455000,1265.922975,0.375137,65.182500,648.854194,0.235468
101_0292.JPG,169.360000,288.185400,-1.862154,136.212500,641.272344,-0.644787,133.950000,466.187500,-0.829116
101_0293.JPG,127.115000,560.601775,0.092298,83.865000,1205.141775,0.890671,80.382500,814.716194,1.088277
101_0294.JPG,181.632500,1681.597444,-0.871953,133.650000,3684.632500,-0.009440,132.915000,3102.027775,-0.282448
101_0295.JPG,149.530000,925.409100,-0.441538,114.450000,1346.202500,0.401007,106.375000,1398.894375,0.025237
101_0296.JPG,156.265000,682.224775,-0.473214,124.402500,1409.200494,-0.056255,118.000000,1163.180000,-0.048679
101_0297.JPG,109.930000,1547.285100,0.964182,71.282500,666.197694,1.086391,65.280000,1542.971600,1.221708
101_0298.JPG,114.360000,911.420400,-0.179273,79.892500,550.205944,0.715237,73.452500,782.417744,0.076091
101_0299.JPG,80.150000,779.152500,0.580414,58.377500,340.114994,1.053604,58.287500,381.799844,0.654430
101_0300.JPG,156.170000,1407.501100,-0.784906,110.795000,2867.472975,0.283150,112.575000,1953.644375,0.222598
101_0301.JPG,140.437500,1040.091094,0.155234,111.782500,1135.530194,0.412534,105.675000,1632.749375,0.146662
101_0302.JPG,156.397500,1808.514494,-0.907988,113.205000,3155.477975,0.289103,114.430000,2382.680100,0.213105
101_0303.JPG,144.735000,2363.479775,-0.345693,100.110000,3023.887900,0.457103,103.267500,2620.840944,0.297385
101_0304.JPG,182.885000,1367.521775,-0.879583,145.697500,2023.010994,-0.605403,142.922500,2238.876494,-0.557874
101_0305.JPG,118.832500,592.274444,1.028306,91.980000,1089.919600,0.633434,86.280000,815.466600,1.094086
101_0306.JPG,155.885000,1156.696775,-0.375950,102.410000,1942.946900,0.320993,110.272500,1444.558244,0.098524
101_0307.JPG,177.560000,1028.711400,-0.816647,131.012500,1639.997344,-0.323194,141.030000,1725.079100,-0.627203
101_0308.JPG,110.432500,988.960444,0.515068,72.192500,519.040444,-0.332024,75.282500,753.812694,0.875205
101_0309.JPG,120.880000,2741.115600,0.728820,91.285000,2643.838775,0.544965,88.397500,2556.589494,1.487394
101_0310.JPG,101.562500,251.916094,-0.614184,73.137500,354.838594,-0.254110,63.022500,106.256994,-0.520753
101_0311.JPG,81.315000,1190.240775,1.153159,57.847500,411.749244,0.493032,54.200000,654.285000,1.016061
101_0312.JPG,118.397500,3499.359494,0.782717,76.750000,1707.657500,0.521909,81.780000,2129.161600,0.901955
101_0313.JPG,120.427500,1220.144744,1.094189,104.757500,1244.358694,0.784269,96.180000,1364.702600,1.350065
101_0314.JPG,161.705000,2875.902975,-0.202755,106.405000,2509.255975,0.134944,102.240000,2974.032400,0.546008
101_0315.JPG,141.605000,1280.428975,-0.331733,101.292500,1559.461944,-0.256036,95.172500,1255.427744,-0.378777
101_0316.JPG,133.892500,2161.940944,-0.420273,109.005000,2038.159975,-0.326338,112.055000,2954.371975,0.081107
101_0317.JPG,150.837500,2076.301094,-0.967680,123.115000,2397.056775,-0.782539,120.885000,2667.341775,-0.457112
101_0318.JPG,172.612500,3340.297344,-0.803338,141.087500,5852.674844,-0.272030,154.802500,5149.588494,-0.387901
101_0319.JPG,183.192500,1678.275444,-1.675935,143.612500,3810.662344,-0.665430,159.647500,2591.423244,-1.135790
101_0320.JPG,173.147500,1631.415744,-0.630835,124.932500,3927.047944,0.088779,133.860000,3372.410400,0.013736
101_0321.JPG,154.582500,1261.813194,0.277784,131.387500,3146.207344,0.419802,135.007500,2447.397444,0.462345
101_0322.JPG,116.132500,670.174944,-0.391440,80.920000,874.753600,0.521038,68.342500,612.465194,0.127709
101_0323.JPG,160.385000,689.556775,-0.080991,132.592500,2164.476444,0.158265,135.575000,1585.334375,-0.035621
101_0324.JPG,126.672500,1509.970244,0.109627,110.815000,3464.630775,0.479648,114.732500,3001.950944,0.440340
101_0325.JPG,111.995000,704.954975,-0.475951,77.835000,873.677775,-0.028927,62.747500,537.693744,-0.085046
101_0326.JPG,140.810000,977.478900,-0.383825,100.682500,1924.056694,0.277481,102.150000,1570.372500,0.098609
101_0327.JPG,178.737500,2057.313594,-0.299172,140.110000,5259.442900,0.112070,137.472500,4338.884244,0.261694
101_0328.JPG,155.332500,442.971944,-0.448368,98.890000,1578.792900,0.539060,88.237500,618.776094,-0.351922
101_0329.JPG,158.020000,1350.884600,0.213535,105.760000,3247.677400,0.714961,100.512500,2237.394844,0.689779
101_0330.JPG,148.025000,1362.299375,-0.560608,101.162500,2179.331094,0.118571,102.745000,1941.074975,0.060603
101_0331.JPG,165.635000,1161.806775,-1.163529,122.775000,2179.269375,-0.248586,113.215000,1686.688775,-0.525572
101_0332.JPG,167.860000,943.860400,-0.723323,113.742500,2068.741194,0.388202,107.607500,1634.208444,0.284672
101_0333.JPG,153.485000,1173.199775,-0.964726,116.447500,2961.052244,0.113853,116.732500,2348.175944,-0.198804
101_0334.JPG,123.045000,1530.637975,-0.806883,89.730000,1737.547100,-0.337018,88.670000,1592.061100,-0.543809
101_0335.JPG,143.752500,2041.601244,0.169206,115.890000,4018.847900,0.534769,121.297500,3748.738994,0.389723
101_0336.JPG,141.147500,2822.675744,-0.225807,116.235000,4550.544775,0.315872,118.632500,4049.867444,0.275720
101_0337.JPG,114.785000,1738.078775,0.408096,85.112500,2660.349844,0.917433,76.120000,1997.395600,0.867254
101_0338.JPG,137.540000,2700.113400,-0.090101,100.227500,4051.210744,0.455662,98.297500,3481.008994,0.466879
101_0339.JPG,124.997500,1616.972494,0.311138,87.110000,3615.922900,0.836377,87.367500,2597.662444,0.979956
101_0340.JPG,117.320000,820.272600,-0.166445,81.815000,1636.015775,0.515022,73.380000,1019.785600,0.679511
101_0341.JPG,142.017500,1260.542194,-0.128725,95.645000,3101.588975,0.650480,98.092500,2034.543944,0.534092
101_0342.JPG,92.612500,126.392344,0.134882,68.010000,756.534900,0.767247,91.467500,679.443944,0.961579
101_0343.JPG,188.602500,591.244494,-0.929514,111.797500,2047.776494,-0.106812,98.400000,1532.570000,-0.201946
101_0344.JPG,118.815000,292.045775,0.755750,91.887500,930.914844,0.373264,93.032500,977.161444,0.731520
101_0345.JPG,110.917500,724.325694,0.633909,90.410000,2086.681900,0.928009,105.745000,2211.129975,0.974638
101_0346.JPG,49.232500,248.453444,0.610344,36.340000,248.879400,0.817072,42.627500,375.553744,2.454163
101_0347.JPG,128.487500,904.504844,-0.226176,93.787500,1595.782344,-0.027538,97.962500,1474.186094,-0.023470
101_0348.JPG,141.167500,1393.244444,-0.540150,116.240000,2979.782400,-0.167069,147.277500,3317.365494,-0.506675
101_0349.JPG,106.515000,710.924775,0.948507,74.542500,1671.843194,1.373728,84.840000,1757.759400,1.603945
101_0350.JPG,180.652500,437.826744,-0.379455,121.692500,2433.397944,0.378804,159.260000,1934.722400,-0.059995
101_0351.JPG,136.467500,1751.468944,-0.310130,96.415000,2077.737775,0.132232,97.822500,1939.690994,0.317380
101_0352.JPG,88.342500,1881.620194,0.991975,56.120000,834.740600,0.857145,57.082500,1200.695694,1.460471
101_0353.JPG,133.785000,1366.198775,-0.749250,115.017500,2050.677194,0.248337,118.190000,2565.208900,0.365206
101_0354.JPG,136.992500,3622.327444,0.089635,114.920000,5446.228600,0.503992,121.112500,4473.709844,0.459968
101_0355.JPG,134.322500,1363.143494,0.401289,111.025000,2510.159375,0.717373,114.607500,2430.418444,0.639272
101_0356.JPG,166.355000,879.358975,0.254147,131.180000,2456.812600,0.615751,133.002500,1963.422494,0.516532
101_0357.JPG,151.090000,1607.106900,-0.618368,107.887500,3091.199844,0.164074,112.480000,1995.264600,-0.014298
101_0358.JPG,143.975000,1435.269375,-1.281590,85.370000,1092.458100,-0.451965,77.160000,545.434400,-0.441698
101_0359.JPG,170.075000,1545.824375,-2.091148,108.925000,1682.384375,-0.502526,94.842500,805.607694,-0.991519
101_0360.JPG,139.525000,3101.299375,-0.755146,109.477500,3142.579494,-0.436394,106.940000,2821.211400,-0.245963
101_0361.JPG,147.237500,1653.116094,-0.534537,109.602500,1801.169494,-0.068877,104.102500,1985.251994,0.012997
101_0362.JPG,150.950000,2146.162500,-0.296066,101.905000,2411.940975,-0.001658,87.992500,2223.227444,-0.045724
101_0363.JPG,118.807500,3444.930444,-0.341185,83.232500,3104.663444,0.645559,88.405000,3274.400975,0.508227
101_0364.JPG,148.822500,932.860994,0.778179,124.485000,1815.984775,1.043787,119.857500,1988.477194,0.976327
101_0365.JPG,152.345000,784.485975,-0.848802,116.892500,1913.560944,0.273699,116.535000,1922.518775,0.211246
101_0366.JPG,138.065000,3031.970775,-0.321087,104.190000,4488.318900,0.250242,112.297500,3896.328994,0.279594
101_0367.JPG,181.972500,2580.301744,-1.146336,142.867500,4427.384944,-0.177763,145.337500,3852.018594,-0.151208
101_0368.JPG,146.292500,4165.491944,-0.613526,102.070000,4672.955100,0.412425,110.700000,4126.075000,0.296874
101_0369.JPG,146.677500,3290.313494,-0.767940,109.807500,4261.160444,0.288564,116.257500,3574.781194,0.297111
101_0370.JPG,135.527500,1637.054244,-0.014749,86.587500,2538.587344,0.821348,91.637500,2006.981094,0.828340
101_0371.JPG,181.467500,1814.628944,-0.717413,122.102500,2542.471994,0.316474,123.980000,2044.569600,0.085791
101_0372.JPG,180.870000,1672.878100,-0.648389,115.405000,4425.420975,0.451384,132.575000,3240.009375,0.293638
101_0373.JPG,168.220000,1204.326600,-0.459113,113.362500,2694.956094,0.721260,120.922500,2438.546494,0.685435
101_0374.JPG,171.890000,2170.377900,-0.827719,116.165000,3380.637775,0.606020,117.535000,2989.828775,0.579335
101_0376.JPG,142.377500,1316.354994,-0.707566,104.840000,1651.809400,-0.174637,128.010000,2168.289900,-0.518529
101_0377.JPG,140.402500,639.560494,-0.676233,108.095000,1205.025975,0.008077,119.707500,2147.351944,-0.004345
101_0378.JPG,135.257500,634.461194,-0.227218,106.785000,2297.528775,0.275239,135.757500,2359.783694,-0.018745
101_0379.JPG,143.855000,521.303975,0.661980,115.630000,2094.738100,0.925732,145.232500,1806.808444,0.700658
101_0380.JPG,160.147500,498.505744,0.470832,126.132500,2480.609944,0.426855,128.482500,1772.779694,0.479201
101_0381.JPG,108.335000,502.447775,0.638810,91.757500,1272.538694,0.604896,92.077500,1404.476494,0.708869
101_0382.JPG,108.252500,708.373744,0.481163,83.692500,1477.132944,0.883255,79.015000,1283.494775,0.912840
101_0383.JPG,160.630000,1528.283100,0.292919,130.982500,4064.727194,0.444304,135.477500,3662.364494,0.402420
101_0384.JPG,123.350000,619.122500,0.108552,106.140000,1371.530400,0.323410,99.445000,1153.816975,0.078836
101_0385.JPG,154.875000,704.789375,0.070827,128.225000,2163.914375,0.346602,130.197500,2037.708494,0.457741
101_0388.JPG,139.492500,1356.824944,-0.245680,111.845000,3139.705975,0.241859,112.092500,2493.258944,0.173686
101_0389.JPG,185.420000,1080.743600,-0.837788,167.620000,2048.200600,-0.182215,166.377500,2340.034994,-0.506688
101_0390.JPG,151.072500,1009.152244,-0.125804,137.012500,1482.982344,-0.206451,137.095000,1757.670975,-0.043984
101_0391.JPG,140.760000,1172.102400,0.589041,115.750000,2574.112500,1.015394,119.875000,2394.819375,0.824090
101_0392.JPG,138.485000,1398.934775,-0.631207,124.692500,1863.237944,-0.518245,122.735000,2721.759775,-0.256214
101_0393.JPG,164.557500,762.781694,-0.372372,143.020000,1499.974600,0.023944,135.567500,1551.925444,0.018117
101_0394.JPG,150.267500,3673.155944,-0.968323,119.177500,4023.455994,-0.205069,115.065000,3806.680775,-0.326406
101_0395.JPG,142.622500,4384.124994,0.064332,122.312500,5264.019844,0.095016,119.202500,6217.786494,0.175609
101_0396.JPG,149.377500,6155.164994,-0.402239,123.795000,6304.152975,-0.240329,127.807500,6814.190444,-0.234172
101_0397.JPG,180.580000,2346.298600,-0.497690,150.447500,5449.192244,-0.147490,149.615000,4619.096775,-0.227950
101_0398.JPG,132.947500,1181.089744,-0.298419,100.002500,1965.342494,0.230011,86.477500,1251.864494,-0.070333
101_0399.JPG,133.275000,2136.509375,-0.670077,95.655000,2702.390975,0.110581,80.845000,1523.120975,-0.492848
101_0400.JPG,161.042500,3051.040694,-0.322696,129.140000,5490.015400,0.175903,137.602500,4955.389494,-0.037128
101_0401.JPG,159.560000,2589.091400,-0.524873,135.810000,3997.213900,-0.139128,137.347500,3783.201744,-0.337209
101_0402.JPG,154.162500,2684.106094,-0.750189,125.585000,3538.877775,-0.231592,132.095000,3863.520975,-0.436224
101_0403.JPG,120.532500,3836.643944,0.034309,103.422500,4170.863994,0.136215,108.765000,4148.569775,0.240233
101_0404.JPG,117.125000,860.419375,-0.019328,92.972500,1337.571744,0.630063,96.395000,1641.283975,0.300921
101_0405.JPG,117.692500,1364.692944,0.083092,86.170000,1382.146100,0.492330,92.132500,1800.499944,0.140511
101_0406.JPG,152.715000,2021.283775,-0.012197,111.497500,3933.109994,0.673508,115.630000,3193.583100,0.547128
101_0407.JPG,143.332500,769.526944,-0.341911,88.702500,885.493994,0.192763,84.152500,1003.729244,-0.131620
101_0408.JPG,189.792500,1061.079444,-1.089099,145.472500,2516.474244,-0.252927,146.852500,2572.445744,-0.726157
101_0409.JPG,164.597500,2510.080494,-0.482226,135.005000,4909.369975,0.043864,138.640000,4108.590400,-0.081276
101_0410.JPG,137.095000,1357.010975,-0.902978,99.427500,1892.879744,-0.058350,92.665000,1628.182775,0.215691
101_0411.JPG,189.830000,1821.351100,-1.332051,163.225000,3220.279375,-0.504307,165.945000,2868.956975,-0.803656
101_0412.JPG,164.822500,1998.385994,0.074815,124.915000,3766.932775,0.491359,123.207500,3228.399444,0.453473
101_0413.JPG,139.997500,2093.852494,0.350182,102.007500,3309.817444,1.003313,98.647500,2759.683244,0.903236
101_0414.JPG,137.742500,1224.626194,-0.138839,103.135000,2332.121775,0.729768,101.587500,1864.967344,0.615246
101_0415.JPG,143.537500,1516.058594,0.006182,119.920000,2994.228600,0.278843,118.052500,2487.849744,0.231994
101_0416.JPG,109.090000,1939.581900,-0.095475,85.355000,2140.208975,0.568843,79.195000,1500.826975,0.448858
101_0417.JPG,148.727500,981.928244,-0.671463,120.735000,1752.579775,0.094035,119.100000,1394.010000,-0.020176
101_0418.JPG,157.020000,1354.514600,-0.561526,106.815000,2589.050775,0.165495,107.530000,2644.174100,-0.126384
101_0419.JPG,149.172500,578.367744,-0.029587,102.477500,978.139494,0.284637,99.780000,969.021600,0.363636
101_0420.JPG,175.207500,918.799444,-1.125649,129.500000,1779.670000,-0.102184,130.022500,1709.766994,-0.563332
101_0421.JPG,165.545000,1012.757975,-0.479916,120.820000,2538.927600,0.330231,124.962500,2378.136094,0.133397
101_0422.JPG,135.942500,752.979194,-0.458551,97.517500,1063.859694,0.113722,95.912500,1102.369844,-0.011091
101_0423.JPG,122.407500,878.896444,0.234732,88.260000,910.152400,0.228162,94.900000,1130.020000,0.223956
101_0424.JPG,162.595000,2296.755975,-0.818221,135.587500,3852.947344,-0.325175,143.007500,3595.842444,-0.565528
101_0425.JPG,143.930000,1037.570100,-0.801038,123.617500,1907.961194,-0.632669,124.385000,2022.506775,-0.788731
101_0426.JPG,123.200000,1743.130000,-0.562815,101.807500,2324.290444,-0.144539,100.347500,2382.876744,-0.170813
101_0427.JPG,152.132500,2138.939944,-0.230339,125.947500,4022.014744,0.288035,137.165000,4176.762775,0.139327
101_0428.JPG,144.315000,1464.480775,-0.756502,121.587500,2173.247344,-0.413552,124.752500,2162.731244,-0.373202
101_0429.JPG,107.795000,1273.702975,0.223343,89.612500,1510.232344,0.223046,91.505000,1786.939975,0.414181
101_0430.JPG,164.185000,1107.865775,-0.304774,140.555000,2836.661975,0.180439,151.747500,2243.803744,-0.205957
101_0431.JPG,127.145000,672.443975,-0.800868,95.102500,1430.256994,-0.128392,91.722500,1029.320494,-0.671272
101_0432.JPG,113.092500,575.473944,-0.834635,82.710000,807.655900,-0.503984,83.512500,884.824844,-0.009053
101_0433.JPG,161.645000,1231.243975,-0.806584,129.475000,1578.794375,0.032120,135.010000,1481.794900,-0.280297
101_0434.JPG,119.322500,1356.558494,-0.280276,91.415000,1051.347775,-0.286255,88.172500,1060.262744,-0.443306
101_0435.JPG,136.420000,1268.078600,-0.158430,112.335000,1521.302775,0.141743,113.185000,1620.640775,0.045805
101_0436.JPG,144.282500,1109.242694,-0.168131,117.510000,2336.424900,0.373229,117.025000,1728.869375,0.283912
101_0437.JPG,105.592500,659.501444,-0.202755,91.975000,1168.164375,0.261105,92.662500,1001.233594,0.016449
101_0438.JPG,132.845000,827.350975,-0.276854,104.615000,1490.291775,0.201669,105.207500,1232.904444,0.406226
101_0439.JPG,161.505000,1640.759975,0.120682,123.627500,3337.873744,0.838238,121.975000,2466.624375,0.792590
101_0440.JPG,105.287500,993.899844,-0.403059,73.740000,1067.452400,-0.286398,71.620000,1017.455600,-0.320337
101_0441.JPG,134.787500,1016.482344,-0.459983,103.492500,1778.144944,0.200131,103.127500,1079.466244,-0.126973
101_0442.JPG,143.902500,1647.657994,-0.312080,124.855000,2975.723975,0.396934,134.312500,2718.174844,0.051259
101_0443.JPG,115.972500,1314.541744,0.293541,96.690000,1953.038900,0.827134,98.547500,2024.337744,0.619004
101_0444.JPG,120.840000,1557.319400,-0.049688,98.210000,2576.555900,0.476633,102.140000,2217.480400,0.382724
101_0445.JPG,163.920000,1706.023600,-0.952009,119.252500,3217.753744,-0.074652,118.295000,2396.062975,-0.326514
101_0446.JPG,121.172500,892.277744,-0.147912,91.892500,1329.475944,0.433934,88.035000,1154.898775,0.243018
101_0447.JPG,107.645000,758.818975,-0.188107,78.475000,916.299375,0.168048,78.242500,851.683694,0.315200
101_0448.JPG,156.597500,2470.245494,0.056981,121.587500,4410.447344,0.662631,125.272500,4099.883244,0.500911
101_0449.JPG,107.700000,558.065000,-0.760372,84.927500,794.017244,-0.074517,80.167500,780.154444,-0.390223
101_0450.JPG,102.580000,556.803600,-0.297534,77.837500,983.791094,0.363207,77.425000,822.704375,0.239888
101_0451.JPG,151.145000,1201.218975,-1.064768,123.737500,2678.938594,-0.206972,131.832500,2527.909444,-0.448232
101_0452.JPG,158.322500,1010.283494,-1.083328,144.000000,2074.650000,-0.934989,149.752500,2300.351244,-1.166353
101_0453.JPG,129.955000,1254.677975,-0.780450,110.000000,2274.385000,-0.120810,116.705000,2141.097975,-0.221518
101_0454.JPG,180.590000,1072.626900,-0.569869,129.800000,2203.675000,0.048733,133.782500,2324.195194,-0.240158
101_0455.JPG,107.475000,779.474375,-0.470986,81.650000,898.137500,-0.193602,75.905000,963.370975,-0.372481
101_0456.JPG,137.835000,1505.272775,-0.358600,92.592500,1364.151444,-0.097241,89.510000,1580.984900,-0.094278
101_0457.JPG,160.525000,1422.334375,-0.665032,123.237500,2428.206094,0.043824,134.752500,2521.096244,-0.337098
101_0458.JPG,122.807500,1301.710444,-0.555056,81.625000,1557.184375,0.682479,85.052500,1675.914744,0.253406
101_0459.JPG,116.340000,1590.044400,-0.056296,78.950000,1017.267500,0.144757,88.625000,1768.699375,0.157021
101_0460.JPG,140.992500,3785.097444,0.491388,100.457500,3756.968194,0.734556,112.570000,4819.830100,0.632223
101_0461.JPG,114.010000,3641.254900,0.219727,82.635000,1985.121775,0.446207,96.587500,3149.242344,0.487651
101_0462.JPG,162.452500,2035.227744,0.432349,130.675000,1933.044375,-0.047358,139.857500,2572.047194,0.234803
101_0463.JPG,149.197500,3181.948494,0.024982,105.867500,2358.804944,0.660467,121.492500,3633.834944,0.427950
101_0464.JPG,120.897500,3234.431994,0.090753,102.960000,2776.263400,0.308244,113.655000,4271.305975,0.345776
101_0465.JPG,130.980000,3027.669600,0.149130,108.390000,2112.107900,0.449555,123.402500,3324.760494,0.420428
101_0466.JPG,128.500000,1505.390000,-0.164468,95.562500,3087.606094,0.634363,103.247500,2576.721244,0.582167
101_0467.JPG,121.610000,1166.862900,0.321842,96.957500,2184.010694,0.490660,98.222500,1594.322994,0.873402
101_0468.JPG,167.665000,1417.402775,-0.025761,109.877500,3693.587494,0.673102,120.485000,2796.909775,0.543572
101_0469.JPG,162.182500,1268.849194,-0.212874,100.712500,3922.604844,0.323565,103.777500,2364.397994,0.229414
101_0470.JPG,130.712500,3493.749844,-0.235517,114.117500,3889.628694,0.078402,121.557500,4034.351694,-0.142739
101_0471.JPG,119.077500,1620.646494,-0.446556,101.975000,1867.844375,-0.271631,103.652500,1692.441744,-0.426837
101_0472.JPG,145.807500,391.395444,-0.475571,71.292500,818.046944,0.196589,61.907500,399.508944,0.066249
101_0473.JPG,133.902500,592.457994,-0.469333,52.910000,788.236900,0.484144,38.675000,180.264375,0.157406
101_0474.JPG,165.770000,1273.587100,0.284503,136.785000,3988.118775,0.262055,148.422500,2745.303994,0.282246
101_0475.JPG,161.715000,937.608775,-0.687790,115.952500,1684.925244,-0.279536,120.990000,1470.944900,-0.572679
101_0476.JPG,159.570000,483.760100,-0.363451,128.352500,1802.148244,0.121866,140.465000,1371.193775,0.272687
101_0477.JPG,164.147500,1190.825744,-0.811207,125.565000,2704.240775,0.250009,137.852500,2309.870744,-0.135859
101_0478.JPG,172.715000,1760.283775,-0.326551,129.595000,3214.185975,0.052061,130.372500,2786.768744,-0.166226
101_0479.JPG,140.570000,2129.830100,0.114018,103.292500,2500.946944,-0.035170,112.800000,2549.115000,0.155002
101_0480.JPG,174.262500,1218.828594,-0.816002,135.077500,2860.161494,0.214338,134.775000,2428.189375,0.008143
101_0481.JPG,165.072500,1322.767244,-1.091889,134.910000,2332.281900,-0.319673,126.905000,1916.130975,-0.443332
101_0482.JPG,82.547500,802.817744,0.681703,55.137500,423.353594,0.289115,53.122500,527.187494,0.979788
101_0483.JPG,173.905000,1618.355975,0.158579,130.012500,4151.232344,0.602878,136.907500,3211.693944,0.579585
101_0484.JPG,163.115000,745.096775,-1.074557,143.627500,1772.343744,-0.362761,141.495000,1309.059975,-0.497277
101_0485.JPG,180.555000,1127.566975,-0.817610,164.867500,2010.424944,-0.513332,171.050000,2469.302500,-0.472795
101_0486.JPG,145.040000,2302.498400,0.515355,108.825000,3976.209375,1.029597,165.287500,1701.004844,-0.161686
101_0487.JPG,140.280000,1557.506600,-0.299888,102.915000,2128.467775,0.049040,114.127500,1191.611244,-0.480454
101_0488.JPG,129.877500,2258.682494,0.658362,106.675000,3544.634375,0.858775,161.935000,1844.840775,-0.666786
101_0489.JPG,151.417500,1287.898194,-0.361930,126.432500,2077.670444,0.006069,142.160000,2140.799400,-0.241974
101_0490.JPG,154.342500,1331.580194,-0.914634,122.615000,1611.946775,-0.482458,126.707500,2154.241944,-0.331597
101_0491.JPG,96.120000,1079.825600,0.071977,66.570000,724.960100,0.655605,76.152500,1178.824244,0.759687
101_0492.JPG,165.297500,1572.458994,-0.286666,110.310000,1980.313900,0.255077,112.895000,2296.188975,0.393145
101_0493.JPG,138.870000,3070.433100,-0.081504,98.940000,4052.951400,0.831692,106.167500,4210.289444,0.530490
101_0494.JPG,153.195000,1651.271975,0.858001,118.297500,2291.698994,0.822004,121.067500,2820.217944,0.785430
101_0495.JPG,179.567500,810.855444,-0.882713,144.435000,2385.400775,0.035255,146.447500,1960.582244,-0.326312
101_0496.JPG,165.275000,803.704375,-1.481839,133.882500,1265.368694,-0.744842,134.185000,1333.980775,-1.129770
101_0497.JPG,170.270000,1089.012100,-0.720095,145.790000,1612.525900,-0.920242,146.952500,2120.675244,-0.691886
101_0498.JPG,188.342500,1265.515194,-0.199773,167.115000,3544.046775,-0.139541,174.455000,2510.077975,-0.247644
101_0499.JPG,173.832500,1498.719444,-0.171405,152.277500,4505.975494,0.012382,160.345000,3293.765975,-0.054026
101_0500.JPG,191.105000,1223.498975,-0.594176,158.852500,3241.975744,-0.363179,151.137500,2826.448594,-0.310104
101_0501.JPG,140.437500,1040.091094,0.155234,111.782500,1135.530194,0.412534,105.675000,1632.749375,0.146662
101_0502.JPG,156.397500,1808.514494,-0.907988,113.205000,3155.477975,0.289103,114.430000,2382.680100,0.213105
101_0503.JPG,144.735000,2363.479775,-0.345693,100.110000,3023.887900,0.457103,103.267500,2620.840944,0.297385
101_0504.JPG,182.885000,1367.521775,-0.879583,145.697500,2023.010994,-0.605403,142.922500,2238.876494,-0.557874
101_0505.JPG,118.832500,592.274444,1.028306,91.980000,1089.919600,0.633434,86.280000,815.466600,1.094086
101_0506.JPG,155.885000,1156.696775,-0.375950,102.410000,1942.946900,0.320993,110.272500,1444.558244,0.098524
101_0507.JPG,177.560000,1028.711400,-0.816647,131.012500,1639.997344,-0.323194,141.030000,1725.079100,-0.627203
101_0508.JPG,110.432500,988.960444,0.515068,72.192500,519.040444,-0.332024,75.282500,753.812694,0.875205
101_0509.JPG,120.880000,2741.115600,0.728820,91.285000,2643.838775,0.544965,88.397500,2556.589494,1.487394
101_0510.JPG,101.562500,251.916094,-0.614184,73.137500,354.838594,-0.254110,63.022500,106.256994,-0.520753
101_0511.JPG,81.315000,1190.240775,1.153159,57.847500,411.749244,0.493032,54.200000,654.285000,1.016061
101_0512.JPG,118.397500,3499.359494,0.782717,76.750000,1707.657500,0.521909,81.780000,2129.161600,0.901955
101_0513.JPG,120.427500,1220.144744,1.094189,104.757500,1244.358694,0.784269,96.180000,1364.702600,1.350065
101_0514.JPG,161.705000,2875.902975,-0.202755,106.405000,2509.255975,0.134944,102.240000,2974.032400,0.546008
101_0515.JPG,141.605000,1280.428975,-0.331733,101.292500,1559.461944,-0.256036,95.172500,1255.427744,-0.378777
101_0516.JPG,133.892500,2161.940944,-0.420273,109.005000,2038.159975,-0.326338,112.055000,2954.371975,0.081107
101_0517.JPG,150.837500,2076.301094,-0.967680,123.115000,2397.056775,-0.782539,120.885000,2667.341775,-0.457112
101_0518.JPG,172.612500,3340.297344,-0.803338,141.087500,5852.674844,-0.272030,154.802500,5149.588494,-0.387901
101_0519.JPG,183.192500,1678.275444,-1.675935,143.612500,3810.662344,-0.665430,159.647500,2591.423244,-1.135790
101_0520.JPG,173.147500,1631.415744,-0.630835,124.932500,3927.047944,0.088779,133.860000,3372.410400,0.013736
101_0521.JPG,154.582500,1261.813194,0.277784,131.387500,3146.207344,0.419802,135.007500,2447.397444,0.462345
101_0522.JPG,116.132500,670.174944,-0.391440,80.920000,874.753600,0.521038,68.342500,612.465194,0.127709
101_0523.JPG,160.385000,689.556775,-0.080991,132.592500,2164.476444,0.158265,135.575000,1585.334375,-0.035621
101_0524.JPG,126.672500,1509.970244,0.109627,110.815000,3464.630775,0.479648,114.732500,3001.950944,0.440340
101_0525.JPG,111.995000,704.954975,-0.475951,77.835000,873.677775,-0.028927,62.747500,537.693744,-0.085046
101_0526.JPG,140.810000,977.478900,-0.383825,100.682500,1924.056694,0.277481,102.150000,1570.372500,0.098609
101_0527.JPG,178.737500,2057.313594,-0.299172,140.110000,5259.442900,0.112070,137.472500,4338.884244,0.261694
101_0528.JPG,155.332500,442.971944,-0.448368,98.890000,1578.792900,0.539060,88.237500,618.776094,-0.351922
101_0529.JPG,158.020000,1350.884600,0.213535,105.760000,3247.677400,0.714961,100.512500,2237.394844,0.689779
101_0530.JPG,148.025000,1362.299375,-0.560608,101.162500,2179.331094,0.118571,102.745000,1941.074975,0.060603
101_0531.JPG,165.635000,1161.806775,-1.163529,122.775000,2179.269375,-0.248586,113.215000,1686.688775,-0.525572
101_0532.JPG,167.860000,943.860400,-0.723323,113.742500,2068.741194,0.388202,107.607500,1634.208444,0.284672
101_0533.JPG,153.485000,1173.199775,-0.964726,116.447500,2961.052244,0.113853,116.732500,2348.175944,-0.198804
101_0534.JPG,123.045000,1530.637975,-0.806883,89.730000,1737.547100,-0.337018,88.670000,1592.061100,-0.543809
101_0535.JPG,143.752500,2041.601244,0.169206,115.890000,4018.847900,0.534769,121.297500,3748.738994,0.389723
101_0536.JPG,141.147500,2822.675744,-0.225807,116.235000,4550.544775,0.315872,118.632500,4049.867444,0.275720
101_0537.JPG,114.785000,1738.078775,0.408096,85.112500,2660.349844,0.917433,76.120000,1997.395600,0.867254
101_0538.JPG,137.540000,2700.113400,-0.090101,100.227500,4051.210744,0.455662,98.297500,3481.008994,0.466879
101_0539.JPG,124.997500,1616.972494,0.311138,87.110000,3615.922900,0.836377,87.367500,2597.662444,0.979956
101_0540.JPG,117.320000,820.272600,-0.166445,81.815000,1636.015775,0.515022,73.380000,1019.785600,0.679511
101_0541.JPG,142.017500,1260.542194,-0.128725,95.645000,3101.588975,0.650480,98.092500,2034.543944,0.534092
101_0542.JPG,92.612500,126.392344,0.134882,68.010000,756.534900,0.767247,91.467500,679.443944,0.961579
101_0543.JPG,188.602500,591.244494,-0.929514,111.797500,2047.776494,-0.106812,98.400000,1532.570000,-0.201946
101_0544.JPG,118.815000,292.045775,0.755750,91.887500,930.914844,0.373264,93.032500,977.161444,0.731520
101_0545.JPG,110.917500,724.325694,0.633909,90.410000,2086.681900,0.928009,105.745000,2211.129975,0.974638
101_0546.JPG,49.232500,248.453444,0.610344,36.340000,248.879400,0.817072,42.627500,375.553744,2.454163
101_0547.JPG,128.487500,904.504844,-0.226176,93.787500,1595.782344,-0.027538,97.962500,1474.186094,-0.023470
101_0548.JPG,141.167500,1393.244444,-0.540150,116.240000,2979.782400,-0.167069,147.277500,3317.365494,-0.506675
101_0549.JPG,106.515000,710.924775,0.948507,74.542500,1671.843194,1.373728,84.840000,1757.759400,1.603945
101_0550.JPG,180.652500,437.826744,-0.379455,121.692500,2433.397944,0.378804,159.260000,1934.722400,-0.059995
101_0551.JPG,136.467500,1751.468944,-0.310130,96.415000,2077.737775,0.132232,97.822500,1939.690994,0.317380
101_0552.JPG,88.342500,1881.620194,0.991975,56.120000,834.740600,0.857145,57.082500,1200.695694,1.460471
101_0553.JPG,133.785000,1366.198775,-0.749250,115.017500,2050.677194,0.248337,118.190000,2565.208900,0.365206
101_0554.JPG,136.992500,3622.327444,0.089635,114.920000,5446.228600,0.503992,121.112500,4473.709844,0.459968
101_0555.JPG,134.322500,1363.143494,0.401289,111.025000,2510.159375,0.717373,114.607500,2430.418444,0.639272
101_0556.JPG,166.355000,879.358975,0.254147,131.180000,2456.812600,0.615751,133.002500,1963.422494,0.516532
101_0557.JPG,151.090000,1607.106900,-0.618368,107.887500,3091.199844,0.164074,112.480000,1995.264600,-0.014298
101_0558.JPG,143.975000,1435.269375,-1.281590,85.370000,1092.458100,-0.451965,77.160000,545.434400,-0.441698
101_0559.JPG,170.075000,1545.824375,-2.091148,108.925000,1682.384375,-0.502526,94.842500,805.607694,-0.991519
101_0560.JPG,139.525000,3101.299375,-0.755146,109.477500,3142.579494,-0.436394,106.940000,2821.211400,-0.245963
101_0561.JPG,147.237500,1653.116094,-0.534537,109.602500,1801.169494,-0.068877,104.102500,1985.251994,0.012997
101_0562.JPG,150.950000,2146.162500,-0.296066,101.905000,2411.940975,-0.001658,87.992500,2223.227444,-0.045724
101_0563.JPG,118.807500,3444.930444,-0.341185,83.232500,3104.663444,0.645559,88.405000,3274.400975,0.508227
101_0564.JPG,148.822500,932.860994,0.778179,124.485000,1815.984775,1.043787,119.857500,1988.477194,0.976327
101_0565.JPG,152.345000,784.485975,-0.848802,116.892500,1913.560944,0.273699,116.535000,1922.518775,0.211246
101_0566.JPG,138.065000,3031.970775,-0.321087,104.190000,4488.318900,0.250242,112.297500,3896.328994,0.279594
101_0567.JPG,181.972500,2580.301744,-1.146336,142.867500,4427.384944,-0.177763,145.337500,3852.018594,-0.151208
101_0568.JPG,146.292500,4165.491944,-0.613526,102.070000,4672.955100,0.412425,110.700000,4126.075000,0.296874
101_0569.JPG,146.677500,3290.313494,-0.767940,109.807500,4261.160444,0.288564,116.257500,3574.781194,0.297111
101_0570.JPG,135.527500,1637.054244,-0.014749,86.587500,2538.587344,0.821348,91.637500,2006.981094,0.828340
101_0571.JPG,181.467500,1814.628944,-0.717413,122.102500,2542.471994,0.316474,123.980000,2044.569600,0.085791
101_0572.JPG,180.870000,1672.878100,-0.648389,115.405000,4425.420975,0.451384,132.575000,3240.009375,0.293638
101_0573.JPG,168.220000,1204.326600,-0.459113,113.362500,2694.956094,0.721260,120.922500,2438.546494,0.685435
101_0574.JPG,171.890000,2170.377900,-0.827719,116.165000,3380.637775,0.606020,117.535000,2989.828775,0.579335
101_0576.JPG,142.377500,1316.354994,-0.707566,104.840000,1651.809400,-0.174637,128.010000,2168.289900,-0.518529
101_0577.JPG,140.402500,639.560494,-0.676233,108.095000,1205.025975,0.008077,119.707500,2147.351944,-0.004345
101_0578.JPG,135.257500,634.461194,-0.227218,106.785000,2297.528775,0.275239,135.757500,2359.783694,-0.018745
101_0579.JPG,143.855000,521.303975,0.661980,115.630000,2094.738100,0.925732,145.232500,1806.808444,0.700658
101_0580.JPG,160.147500,498.505744,0.470832,126.132500,2480.609944,0.426855,128.482500,1772.779694,0.479201
101_0581.JPG,108.335000,502.447775,0.638810,91.757500,1272.538694,0.604896,92.077500,1404.476494,0.708869
101_0582.JPG,108.252500,708.373744,0.481163,83.692500,1477.132944,0.883255,79.015000,1283.494775,0.912840
101_0583.JPG,160.630000,1528.283100,0.292919,130.982500,4064.727194,0.444304,135.477500,3662.364494,0.402420
101_0584.JPG,123.350000,619.122500,0.108552,106.140000,1371.530400,0.323410,99.445000,1153.816975,0.078836
101_0585.JPG,154.875000,704.789375,0.070827,128.225000,2163.914375,0.346602,130.197500,2037.708494,0.457741
101_0588.JPG,139.492500,1356.824944,-0.245680,111.845000,3139.705975,0.241859,112.092500,2493.258944,0.173686
101_0589.JPG,185.420000,1080.743600,-0.837788,167.620000,2048.200600,-0.182215,166.377500,2340.034994,-0.506688
101_0590.JPG,151.072500,1009.152244,-0.125804,137.012500,1482.982344,-0.206451,137.095000,1757.670975,-0.043984
101_0591.JPG,140.760000,1172.102400,0.589041,115.750000,2574.112500,1.015394,119.875000,2394.819375,0.824090
101_0592.JPG,138.485000,1398.934775,-0.631207,124.692500,1863.237944,-0.518245,122.735000,2721.759775,-0.256214
101_0593.JPG,164.557500,762.781694,-0.372372,143.020000,1499.974600,0.023944,135.567500,1551.925444,0.018117
101_0594.JPG,150.267500,3673.155944,-0.968323,119.177500,4023.455994,-0.205069,115.065000,3806.680775,-0.326406
101_0595.JPG,142.622500,4384.124994,0.064332,122.312500,5264.019844,0.095016,119.202500,6217.786494,0.175609
101_0596.JPG,149.377500,6155.164994,-0.402239,123.795000,6304.152975,-0.240329,127.807500,6814.190444,-0.234172
101_0597.JPG,180.580000,2346.298600,-0.497690,150.447500,5449.192244,-0.147490,149.615000,4619.096775,-0.227950
101_0598.JPG,132.947500,1181.089744,-0.298419,100.002500,1965.342494,0.230011,86.477500,1251.864494,-0.070333
101_0599.JPG,133.275000,2136.509375,-0.670077,95.655000,2702.390975,0.110581,80.845000,1523.120975,-0.492848
101_0600.JPG,161.042500,3051.040694,-0.322696,129.140000,5490.015400,0.175903,137.602500,4955.389494,-0.037128
101_0601.JPG,159.560000,2589.091400,-0.524873,135.810000,3997.213900,-0.139128,137.347500,3783.201744,-0.337209
101_0602.JPG,154.162500,2684.106094,-0.750189,125.585000,3538.877775,-0.231592,132.095000,3863.520975,-0.436224
101_0603.JPG,120.532500,3836.643944,0.034309,103.422500,4170.863994,0.136215,108.765000,4148.569775,0.240233
101_0604.JPG,117.125000,860.419375,-0.019328,92.972500,1337.571744,0.630063,96.395000,1641.283975,0.300921
101_0605.JPG,117.692500,1364.692944,0.083092,86.170000,1382.146100,0.492330,92.132500,1800.499944,0.140511
101_0606.JPG,152.715000,2021.283775,-0.012197,111.497500,3933.109994,0.673508,115.630000,3193.583100,0.547128
101_0607.JPG,143.332500,769.526944,-0.341911,88.702500,885.493994,0.192763,84.152500,1003.729244,-0.131620
101_0608.JPG,189.792500,1061.079444,-1.089099,145.472500,2516.474244,-0.252927,146.852500,2572.445744,-0.726157
101_0609.JPG,164.597500,2510.080494,-0.482226,135.005000,4909.369975,0.043864,138.640000,4108.590400,-0.081276
101_0610.JPG,137.095000,1357.010975,-0.902978,99.427500,1892.879744,-0.058350,92.665000,1628.182775,0.215691
101_0611.JPG,189.830000,1821.351100,-1.332051,163.225000,3220.279375,-0.504307,165.945000,2868.956975,-0.803656
101_0612.JPG,164.822500,1998.385994,0.074815,124.915000,3766.932775,0.491359,123.207500,3228.399444,0.453473
101_0613.JPG,139.997500,2093.852494,0.350182,102.007500,3309.817444,1.003313,98.647500,2759.683244,0.903236
101_0614.JPG,137.742500,1224.626194,-0.138839,103.135000,2332.121775,0.729768,101.587500,1864.967344,0.615246
101_0615.JPG,143.537500,1516.058594,0.006182,119.920000,2994.228600,0.278843,118.052500,2487.849744,0.231994
101_0616.JPG,109.090000,1939.581900,-0.095475,85.355000,2140.208975,0.568843,79.195000,1500.826975,0.448858
101_0617.JPG,148.727500,981.928244,-0.671463,120.735000,1752.579775,0.094035,119.100000,1394.010000,-0.020176
101_0618.JPG,157.020000,1354.514600,-0.561526,106.815000,2589.050775,0.165495,107.530000,2644.174100,-0.126384
101_0619.JPG,149.172500,578.367744,-0.029587,102.477500,978.139494,0.284637,99.780000,969.021600,0.363636
101_0620.JPG,175.207500,918.799444,-1.125649,129.500000,1779.670000,-0.102184,130.022500,1709.766994,-0.563332
101_0621.JPG,165.545000,1012.757975,-0.479916,120.820000,2538.927600,0.330231,124.962500,2378.136094,0.133397
101_0622.JPG,135.942500,752.979194,-0.458551,97.517500,1063.859694,0.113722,95.912500,1102.369844,-0.011091
101_0623.JPG,122.407500,878.896444,0.234732,88.260000,910.152400,0.228162,94.900000,1130.020000,0.223956
101_0624.JPG,162.595000,2296.755975,-0.818221,135.587500,3852.947344,-0.325175,143.007500,3595.842444,-0.565528
101_0625.JPG,143.930000,1037.570100,-0.801038,123.617500,1907.961194,-0.632669,124.385000,2022.506775,-0.788731
101_0626.JPG,123.200000,1743.130000,-0.562815,101.807500,2324.290444,-0.144539,100.347500,2382.876744,-0.170813
101_0627.JPG,152.132500,2138.939944,-0.230339,125.947500,4022.014744,0.288035,137.165000,4176.762775,0.139327
101_0628.JPG,144.315000,1464.480775,-0.756502,121.587500,2173.247344,-0.413552,124.752500,2162.731244,-0.373202
101_0629.JPG,107.795000,1273.702975,0.223343,89.612500,1510.232344,0.223046,91.505000,1786.939975,0.414181
101_0630.JPG,164.185000,1107.865775,-0.304774,140.555000,2836.661975,0.180439,151.747500,2243.803744,-0.205957
101_0631.JPG,127.145000,672.443975,-0.800868,95.102500,1430.256994,-0.128392,91.722500,1029.320494,-0.671272
101_0632.JPG,113.092500,575.473944,-0.834635,82.710000,807.655900,-0.503984,83.512500,884.824844,-0.009053
101_0633.JPG,161.645000,1231.243975,-0.806584,129.475000,1578.794375,0.032120,135.010000,1481.794900,-0.280297
101_0634.JPG,119.322500,1356.558494,-0.280276,91.415000,1051.347775,-0.286255,88.172500,1060.262744,-0.443306
101_0635.JPG,136.420000,1268.078600,-0.158430,112.335000,1521.302775,0.141743,113.185000,1620.640775,0.045805
101_0636.JPG,144.282500,1109.242694,-0.168131,117.510000,2336.424900,0.373229,117.025000,1728.869375,0.283912
101_0637.JPG,105.592500,659.501444,-0.202755,91.975000,1168.164375,0.261105,92.662500,1001.233594,0.016449
101_0638.JPG,132.845000,827.350975,-0.276854,104.615000,1490.291775,0.201669,105.207500,1232.904444,0.406226
101_0639.JPG,161.505000,1640.759975,0.120682,123.627500,3337.873744,0.838238,121.975000,2466.624375,0.792590
101_0640.JPG,105.287500,993.899844,-0.403059,73.740000,1067.452400,-0.286398,71.620000,1017.455600,-0.320337
101_0641.JPG,134.787500,1016.482344,-0.459983,103.492500,1778.144944,0.200131,103.127500,1079.466244,-0.126973
101_0642.JPG,143.902500,1647.657994,-0.312080,124.855000,2975.723975,0.396934,134.312500,2718.174844,0.051259
101_0643.JPG,115.972500,1314.541744,0.293541,96.690000,1953.038900,0.827134,98.547500,2024.337744,0.619004
101_0644.JPG,120.840000,1557.319400,-0.049688,98.210000,2576.555900,0.476633,102.140000,2217.480400,0.382724
101_0645.JPG,163.920000,1706.023600,-0.952009,119.252500,3217.753744,-0.074652,118.295000,2396.062975,-0.326514
101_0646.JPG,121.172500,892.277744,-0.147912,91.892500,1329.475944,0.433934,88.035000,1154.898775,0.243018
101_0647.JPG,107.645000,758.818975,-0.188107,78.475000,916.299375,0.168048,78.242500,851.683694,0.315200
101_0648.JPG,156.597500,2470.245494,0.056981,121.587500,4410.447344,0.662631,125.272500,4099.883244,0.500911
101_0649.JPG,107.700000,558.065000,-0.760372,84.927500,794.017244,-0.074517,80.167500,780.154444,-0.390223
101_0650.JPG,102.580000,556.803600,-0.297534,77.837500,983.791094,0.363207,77.425000,822.704375,0.239888
101_0651.JPG,151.145000,1201.218975,-1.064768,123.737500,2678.938594,-0.206972,131.832500,2527.909444,-0.448232
101_0652.JPG,158.322500,1010.283494,-1.083328,144.000000,2074.650000,-0.934989,149.752500,2300.351244,-1.166353
101_0653.JPG,129.955000,1254.677975,-0.780450,110.000000,2274.385000,-0.120810,116.705000,2141.097975,-0.221518
101_0654.JPG,180.590000,1072.626900,-0.569869,129.800000,2203.675000,0.048733,133.782500,2324.195194,-0.240158
101_0655.JPG,107.475000,779.474375,-0.470986,81.650000,898.137500,-0.193602,75.905000,963.370975,-0.372481
101_0656.JPG,137.835000,1505.272775,-0.358600,92.592500,1364.151444,-0.097241,89.510000,1580.984900,-0.094278
101_0657.JPG,160.525000,1422.334375,-0.665032,123.237500,2428.206094,0.043824,134.752500,2521.096244,-0.337098
101_0658.JPG,122.807500,1301.710444,-0.555056,81.625000,1557.184375,0.682479,85.052500,1675.914744,0.253406
101_0659.JPG,116.340000,1590.044400,-0.056296,78.950000,1017.267500,0.144757,88.625000,1768.699375,0.157021
101_0660.JPG,140.992500,3785.097444,0.491388,100.457500,3756.968194,0.734556,112.570000,4819.830100,0.632223
101_0661.JPG,114.010000,3641.254900,0.219727,82.635000,1985.121775,0.446207,96.587500,3149.242344,0.487651
101_0662.JPG,162.452500,2035.227744,0.432349,130.675000,1933.044375,-0.047358,139.857500,2572.047194,0.234803
101_0663.JPG,149.197500,3181.948494,0.024982,105.867500,2358.804944,0.660467,121.492500,3633.834944,0.427950
101_0664.JPG,120.897500,3234.431994,0.090753,102.960000,2776.263400,0.308244,113.655000,4271.305975,0.345776
101_0665.JPG,130.980000,3027.669600,0.149130,108.390000,2112.107900,0.449555,123.402500,3324.760494,0.420428
101_0666.JPG,128.500000,1505.390000,-0.164468,95.562500,3087.606094,0.634363,103.247500,2576.721244,0.582167
101_0667.JPG,121.610000,1166.862900,0.321842,96.957500,2184.010694,0.490660,98.222500,1594.322994,0.873402
101_0668.JPG,167.665000,1417.402775,-0.025761,109.877500,3693.587494,0.673102,120.485000,2796.909775,0.543572
101_0669.JPG,162.182500,1268.849194,-0.212874,100.712500,3922.604844,0.323565,103.777500,2364.397994,0.229414
101_0670.JPG,130.712500,3493.749844,-0.235517,114.117500,3889.628694,0.078402,121.557500,4034.351694,-0.142739
101_0671.JPG,119.077500,1620.646494,-0.446556,101.975000,1867.844375,-0.271631,103.652500,1692.441744,-0.426837
101_0672.JPG,145.807500,391.395444,-0.475571,71.292500,818.046944,0.196589,61.907500,399.508944,0.066249
101_0673.JPG,133.902500,592.457994,-0.469333,52.910000,788.236900,0.484144,38.675000,180.264375,0.157406
101_0674.JPG,165.770000,1273.587100,0.284503,136.785000,3988.118775,0.262055,148.422500,2745.303994,0.282246
101_0675.JPG,161.715000,937.608775,-0.687790,115.952500,1684.925244,-0.279536,120.990000,1470.944900,-0.572679
101_0676.JPG,159.570000,483.760100,-0.363451,128.352500,1802.148244,0.121866,140.465000,1371.193775,0.272687
101_0677.JPG,164.147500,1190.825744,-0.811207,125.565000,2704.240775,0.250009,137.852500,2309.870744,-0.135859
101_0678.JPG,172.715000,1760.283775,-0.326551,129.595000,3214.185975,0.052061,130.372500,2786.768744,-0.166226
101_0679.JPG,140.570000,2129.830100,0.114018,103.292500,2500.946944,-0.035170,112.800000,2549.115000,0.155002
101_0680.JPG,174.262500,1218.828594,-0.816002,135.077500,2860.161494,0.214338,134.775000,2428.189375,0.008143
101_0681.JPG,165.072500,1322.767244,-1.091889,134.910000,2332.281900,-0.319673,126.905000,1916.130975,-0.443332
101_0682.JPG,82.547500,802.817744,0.681703,55.137500,423.353594,0.289115,53.122500,527.187494,0.979788
101_0683.JPG,173.905000,1618.355975,0.158579,130.012500,4151.232344,0.602878,136.907500,3211.693944,0.579585
101_0684.JPG,163.115000,745.096775,-1.074557,143.627500,1772.343744,-0.362761,141.495000,1309.059975,-0.497277
101_0685.JPG,180.555000,1127.566975,-0.817610,164.867500,2010.424944,-0.513332,171.050000,2469.302500,-0.472795
101_0686.JPG,145.040000,2302.498400,0.515355,108.825000,3976.209375,1.029597,165.287500,1701.004844,-0.161686
101_0687.JPG,140.280000,1557.506600,-0.299888,102.915000,2128.467775,0.049040,114.127500,1191.611244,-0.480454
101_0688.JPG,129.877500,2258.682494,0.658362,106.675000,3544.634375,0.858775,161.935000,1844.840775,-0.666786
101_0689.JPG,151.417500,1287.898194,-0.361930,126.432500,2077.670444,0.006069,142.160000,2140.799400,-0.241974
101_0690.JPG,154.342500,1331.580194,-0.914634,122.615000,1611.946775,-0.482458,126.707500,2154.241944,-0.331597
101_0691.JPG,96.120000,1079.825600,0.071977,66.570000,724.960100,0.655605,76.152500,1178.824244,0.759687
101_0692.JPG,165.297500,1572.458994,-0.286666,110.310000,1980.313900,0.255077,112.895000,2296.188975,0.393145
101_0693.JPG,138.870000,3070.433100,-0.081504,98.940000,4052.951400,0.831692,106.167500,4210.289444,0.530490
101_0694.JPG,153.195000,1651.271975,0.858001,118.297500,2291.698994,0.822004,121.067500,2820.217944,0.785430
101_0695.JPG,179.567500,810.855444,-0.882713,144.435000,2385.400775,0.035255,146.447500,1960.582244,-0.326312
101_0696.JPG,165.275000,803.704375,-1.481839,133.882500,1265.368694,-0.744842,134.185000,1333.980775,-1.129770
101_0697.JPG,170.270000,1089.012100,-0.720095,145.790000,1612.525900,-0.920242,146.952500,2120.675244,-0.691886
101_0698.JPG,188.342500,1265.515194,-0.199773,167.115000,3544.046775,-0.139541,174.455000,2510.077975,-0.247644
101_0699.JPG,173.832500,1498.719444,-0.171405,152.277500,4505.975494,0.012382,160.345000,3293.765975,-0.054026
101_0700.JPG,191.105000,1223.498975,-0.594176,158.852500,3241.975744,-0.363179,151.137500,2826.448594,-0.310104