101_0001.JPG,111.773270,466.141911,1.933238,61.229117,460.563257,4.929359,52.429594,403.118551,6.972721
101_0002.JPG,98.945392,130.194970,0.039340,53.453925,423.524328,0.594498,44.812287,150.138825,0.294399
101_0003.JPG,129.280802,515.325162,-0.823393,68.510029,786.765659,0.172441,67.816619,451.473535,-0.292856
101_0004.JPG,182.864697,281.494912,0.420815,104.398134,1242.242734,0.976111,98.335925,636.089331,1.230552
101_0005.JPG,184.538860,723.716538,0.400814,97.835924,2918.378951,0.761593,94.934370,1538.772895,0.847946
101_0006.JPG,97.499182,476.881751,0.036209,42.965630,500.144482,0.744579,41.756137,307.745768,0.293193
101_0007.JPG,87.472458,98.249241,-0.174102,43.716102,257.211775,0.429904,45.476695,116.842677,0.382013
101_0008.JPG,114.088889,1179.122963,2.021180,80.627160,2144.614077,1.846231,73.686420,2409.622655,1.875863
101_0009.JPG,215.960069,150.607781,-0.515373,133.352431,974.516418,-0.094532,117.697917,596.936523,1.112488
101_0010.JPG,212.940902,266.307549,-0.581562,146.010886,1643.873909,0.270235,134.306376,848.563987,0.316359
101_0011.JPG,98.892632,562.782156,2.779473,56.707368,768.585946,3.980026,46.943158,601.788348,6.391397
101_0012.JPG,82.624585,89.576671,-0.723377,48.312292,148.978885,-0.160233,39.760797,55.451088,-0.813046
101_0013.JPG,154.524008,309.535436,0.030851,91.279749,873.562659,1.098782,87.002088,651.889348,1.113944
101_0014.JPG,141.647436,578.668434,0.094952,95.147436,715.228263,0.736546,86.585470,555.221327,0.722118
101_0015.JPG,125.395833,151.626054,-1.326595,78.366071,225.374920,0.282010,72.306548,150.129243,0.427165
101_0016.JPG,197.759082,296.221117,0.541741,125.856597,2266.432590,0.520701,121.172084,995.725645,0.906098
101_0017.JPG,150.452500,239.732744,-0.228762,93.722500,512.335494,-0.369552,87.222500,291.242994,-0.219754
101_0018.JPG,72.598039,132.103133,9.650110,41.556373,297.594861,4.603336,35.833333,195.560458,8.823046
101_0019.JPG,194.063091,240.626934,-0.124092,118.914826,1601.074764,0.766795,121.709779,793.493059,0.608766
101_0020.JPG,68.590164,1520.088865,1.384238,59.491803,347.812774,1.594611,58.540984,295.581654,1.293856
101_0021.JPG,102.460784,187.493560,-0.796126,57.588235,120.232411,-0.441813,50.759804,57.780541,-0.187708
101_0022.JPG,177.044346,302.760783,0.687557,98.665188,1397.078589,1.244879,91.973392,627.835212,2.218257
101_0023.JPG,87.000000,272.599327,2.775536,45.178451,377.331792,3.815217,40.020202,271.299255,7.378135
101_0024.JPG,127.505155,356.902894,0.299372,81.632302,889.153458,1.098701,80.113402,495.914975,0.927347
101_0025.JPG,191.469333,232.707726,0.138278,88.418667,2185.779385,1.001937,99.010667,1054.165220,1.357835
101_0026.JPG,136.470383,195.301388,-0.330189,94.195122,892.610011,0.441942,100.846690,583.718656,0.270924
101_0027.JPG,157.136719,2442.532089,-0.766160,131.552734,4111.333157,0.050075,135.962891,3650.191982,-0.068459
101_0028.JPG,170.601173,1642.327741,-1.035617,119.912023,2767.663814,0.357851,120.642229,2331.297220,0.247244
101_0029.JPG,149.566667,1216.790000,-0.720126,106.947222,1234.538881,-0.308071,98.652778,1008.948881,-0.560573
101_0030.JPG,150.497143,1549.021420,0.064350,123.331429,3652.787298,0.230308,120.211429,3211.909584,0.311376
101_0031.JPG,112.142466,923.859156,0.186463,87.282192,1705.145025,0.504777,75.441096,1251.972558,0.852047
101_0032.JPG,146.050595,772.059940,0.109081,116.630952,1962.036423,0.761332,117.321429,2005.819303,0.663126
101_0033.JPG,134.285714,3449.724082,-0.251451,109.700952,3960.716285,0.392974,109.405714,3599.688729,0.320491
101_0034.JPG,105.098684,3057.365261,0.593753,98.210526,3557.501731,0.852734,93.478618,3379.973227,0.889807
101_0035.JPG,128.157895,2570.120332,0.078903,102.016842,2859.060769,0.582416,95.168421,2346.535845,0.671622
101_0036.JPG,111.104513,1194.378626,0.505164,81.218527,1923.600702,0.835751,79.451306,1426.489909,0.939812
101_0037.JPG,101.865753,897.086087,0.299873,70.353425,1353.762762,0.791800,60.008219,583.684864,0.662959
101_0038.JPG,149.728337,1659.092476,-0.061168,122.573770,3511.612239,0.310434,127.400468,3042.516440,0.168307
101_0039.JPG,117.630885,2020.183905,-0.237607,82.099812,2247.325254,0.653408,78.828625,1830.322796,0.556597
101_0040.JPG,93.232172,1361.223045,-0.038780,63.744610,1344.425655,0.783111,54.640133,998.588572,0.979225
101_0041.JPG,113.061224,1123.749498,-0.391802,84.278293,1792.813091,0.515557,87.217069,1540.084607,0.333496
101_0042.JPG,151.796909,1907.106657,-0.974010,106.379691,3550.129565,0.244846,110.000000,2529.421634,-0.172697
101_0043.JPG,131.635036,2009.355853,-0.355592,97.111922,3353.301342,0.227795,99.068127,2909.620663,0.221069
101_0044.JPG,123.997423,1128.600509,-0.262262,91.603093,2190.739372,0.341245,96.000000,1900.912371,0.158649
101_0045.JPG,130.697161,1347.334156,1.031199,103.473186,2599.959060,0.923353,102.460568,2581.125417,1.033260
101_0046.JPG,139.636905,896.814590,-0.882631,116.455357,1974.819436,-0.029889,124.994048,2103.773774,-0.008220
101_0047.JPG,151.810127,1556.803611,-0.897724,127.810127,2536.314159,-0.046566,134.970464,2342.189001,-0.175011
101_0048.JPG,162.595628,1152.634298,-0.310862,130.755920,2876.523303,0.277503,137.391621,2100.030604,0.028156
101_0049.JPG,131.222958,996.058457,0.864453,98.035320,1939.354161,0.597552,103.094923,1433.882822,0.824783
101_0050.JPG,168.319565,1156.652226,0.048460,138.978261,2912.490832,0.306964,152.428261,2205.653549,0.035591
101_0051.JPG,157.082888,1400.327354,-0.306272,128.264706,3092.847043,0.094347,132.131016,2328.926685,0.062690
101_0052.JPG,161.077135,570.958238,-0.217740,146.322314,1253.981513,-0.271810,146.958678,911.174601,-0.366751
101_0053.JPG,125.932722,687.078042,0.030307,86.874618,797.357368,0.701939,86.330275,701.560643,0.695420
101_0054.JPG,160.803922,1631.866315,0.043847,138.661064,3719.025179,0.160668,143.927171,2787.613744,0.156229
101_0055.JPG,143.460317,1472.584933,-1.187008,96.926984,1819.191494,0.201185,103.165079,1862.531479,-0.747413
101_0056.JPG,131.566038,893.516079,-0.810565,98.367925,1087.421235,0.083701,89.056604,1182.437048,-0.085007
101_0057.JPG,144.477551,836.649496,-1.124324,110.375510,1535.556951,-0.008307,115.677551,1325.189904,-0.537356
101_0058.JPG,153.485095,1845.084466,-0.235160,118.962060,3946.757368,0.311543,124.241192,3375.776515,0.216293
101_0059.JPG,141.129944,2187.581985,-0.368917,116.403955,3492.850945,0.157603,116.666667,3075.419962,0.096712
101_0060.JPG,158.739130,1172.784121,-1.330606,122.313043,2081.188960,-0.067384,130.231884,1699.012896,-0.141451
101_0061.JPG,146.947368,1110.828809,0.249046,113.978947,2803.789030,0.584628,117.813158,2095.667722,0.532917
101_0062.JPG,98.289552,446.963921,-0.544863,70.388060,632.792693,0.313368,56.367164,273.109967,0.694090
101_0063.JPG,163.942149,1096.836874,-0.210320,143.369146,2334.232877,-0.003446,147.669421,1840.419643,-0.223196
101_0064.JPG,164.182825,1102.254663,-1.036406,129.878116,2866.971294,-0.265000,129.800554,2061.295401,-0.449940
101_0065.JPG,145.111413,1391.229435,0.051036,110.114130,2356.242409,0.738723,97.222826,2433.194914,0.895193
101_0066.JPG,172.339506,891.106958,-1.474151,145.404321,2108.271710,-0.533062,145.987654,1562.864045,-0.858296
101_0067.JPG,145.620370,2270.267918,-0.332503,113.835648,3986.975303,0.411203,121.907407,3658.727538,0.227417
101_0068.JPG,151.053619,2399.117768,-0.200176,123.517426,3718.839509,0.142186,115.404826,2863.270432,0.104341
101_0069.JPG,112.083565,1154.767390,0.066822,76.863510,1082.825382,0.548800,76.576602,1061.096500,0.261351
101_0070.JPG,159.730878,1723.715109,-1.052128,111.963173,2894.505726,0.406057,122.679887,2429.401777,-0.110881
101_0071.JPG,144.755034,1480.312475,0.006638,105.446309,2867.877990,0.538272,104.714765,2105.888440,0.746179
101_0072.JPG,139.259649,504.725565,-0.481725,102.371930,1460.970440,0.376089,103.631579,685.215143,-0.532900
101_0073.JPG,135.778711,1462.844589,-0.489982,106.453782,2628.847304,0.486337,107.851541,2405.667035,0.289144
101_0074.JPG,138.018248,1073.886528,-0.504903,101.332117,1315.280209,-0.267121,87.974453,936.499347,-0.107694
101_0075.JPG,156.128852,1567.316731,-0.994931,126.935574,2519.981844,-0.226931,132.899160,2371.631288,-0.528513
101_0076.JPG,146.728489,540.606970,0.371997,126.424474,2036.141045,0.628426,134.439771,1474.636430,0.399051
101_0077.JPG,89.757256,301.545297,0.175545,62.427441,406.972967,0.204187,62.456464,385.298237,0.252959
101_0078.JPG,136.024648,425.686012,0.098014,102.031690,930.375756,0.666255,117.271127,764.106068,0.663243
101_0079.JPG,88.943583,526.843079,0.183238,33.923836,248.572478,1.195495,33.506347,154.128662,0.285548
101_0080.JPG,82.292259,900.352183,1.055162,28.338073,250.735628,0.794077,25.963665,330.057132,1.026444
101_0081.JPG,205.169972,1412.713319,-0.202064,169.954674,3935.810977,0.028180,170.538244,3583.041739,0.061532
101_0082.JPG,126.877922,1028.008474,-0.036529,63.309091,1420.275891,0.755473,61.012987,810.189442,0.570204
101_0083.JPG,204.659148,762.254747,-0.193783,139.957393,2436.777633,-0.263171,128.919799,1857.813117,-0.103216
101_0084.JPG,222.806268,760.395516,-1.268277,161.364672,3834.414023,-0.379531,143.051282,3123.621302,-0.058276
101_0085.JPG,169.050403,975.947056,0.376109,95.622984,2908.621972,0.665623,88.032258,2477.748959,0.868325
101_0086.JPG,99.146789,454.891297,-0.778233,64.581422,280.078233,-0.441429,48.033257,203.736279,-0.476689
101_0087.JPG,132.669271,288.736972,-2.067192,71.953125,273.279053,-0.096869,55.885417,172.747287,-0.391657
101_0088.JPG,94.593381,637.777923,1.253496,82.938534,815.698350,1.527212,84.224586,734.055944,1.511062
101_0089.JPG,187.283898,648.641859,-0.513832,172.026483,1586.640188,-0.816022,164.720339,1571.860349,-0.888533
101_0090.JPG,82.498120,931.772553,-0.457488,49.219925,853.585092,0.169804,36.776316,508.621018,0.135872
101_0091.JPG,111.073446,452.802515,-0.652095,62.765537,797.343332,0.491005,47.454802,541.598240,0.785705
101_0092.JPG,106.717206,1909.650862,-0.367097,50.839864,698.553573,-0.183907,33.574106,448.479602,0.129009
101_0093.JPG,179.895238,2268.779501,-1.560629,136.441270,3454.468773,-0.653580,100.152381,2843.068844,-0.131380
101_0094.JPG,156.153425,1332.940844,-0.599687,105.632877,1850.424125,-0.098890,76.898630,1854.677395,0.640579
101_0095.JPG,90.308370,1672.818271,0.512273,39.057269,517.639892,0.117377,25.214391,326.318207,1.023828
101_0096.JPG,175.198238,1868.273477,-1.088957,119.700441,4269.875022,-0.113919,97.852423,3248.614785,0.019696
101_0097.JPG,90.219262,867.859711,0.787842,45.508197,692.061408,1.387784,39.930328,609.290228,1.965673
101_0098.JPG,82.807143,2002.741378,0.899061,32.603571,634.939273,0.847801,20.996429,450.710702,1.472613
101_0099.JPG,73.245033,411.836206,2.021652,35.847682,365.171060,3.425644,20.536424,247.175826,6.826384
101_0100.JPG,157.866450,811.666203,-0.724933,94.338762,1545.813579,0.857076,72.110749,1384.170145,1.126025
101_0101.JPG,101.060543,1509.063140,0.106881,43.544885,1010.444227,1.681073,31.334029,777.103456,2.139201
101_0102.JPG,114.841584,1034.422429,0.833145,63.403960,1278.086321,1.075001,38.742574,1072.880267,1.708733
101_0103.JPG,159.589831,953.218202,-1.449478,105.440678,2759.263430,-0.118135,88.227119,2401.863671,0.124880
101_0104.JPG,132.704545,841.066116,-2.888236,75.303977,677.103621,-0.807343,61.718750,475.474876,-0.979511
101_0105.JPG,167.300191,152.516004,0.106506,102.967495,916.807739,0.196057,78.141491,630.037342,0.324789
101_0106.JPG,164.691971,4302.557673,-0.606078,107.915328,4419.785531,-0.021912,91.797080,4144.751524,0.291775
101_0107.JPG,109.747218,1959.257246,-0.026913,94.000000,2099.841017,0.690335,91.801272,1929.109951,0.781508
101_0108.JPG,185.951014,3074.296587,-1.026288,152.923986,5113.999290,-0.370115,161.084459,4896.834083,-0.509555
101_0109.JPG,105.849704,2207.422382,0.145082,90.320710,2778.482944,0.552635,97.147929,2868.414803,0.280227
101_0110.JPG,122.869362,2243.143120,-0.475309,97.737170,2990.271511,0.175605,106.289269,2796.043851,-0.114830
101_0111.JPG,86.578947,1347.704820,0.687520,70.890526,1768.320647,1.208188,66.054737,1498.544372,1.413799
101_0112.JPG,184.963746,714.246420,0.267629,148.519637,3444.243572,0.197672,150.731118,2529.634651,0.270191
101_0113.JPG,177.388747,1247.112303,-0.458425,143.324808,3039.953323,0.394679,145.629156,2866.709022,0.265713
101_0114.JPG,207.092251,1107.759017,-1.313591,173.044280,2790.433464,-0.379590,177.000000,2638.199262,-0.746256
101_0115.JPG,184.330435,882.574871,-1.495872,169.063768,1739.329267,-0.822611,172.327536,1499.252140,-1.222586
101_0116.JPG,160.634470,2413.027372,-0.545693,119.778409,3542.717943,0.104859,124.117424,3579.338484,0.050492
101_0117.JPG,153.169725,1978.783120,-0.605646,112.582569,2088.362448,-0.477545,107.894495,2395.897126,-0.058326
101_0118.JPG,144.897862,2282.105957,-0.506004,98.836105,2325.680977,0.028386,94.154394,1971.427469,0.091182
101_0119.JPG,119.822157,944.933387,0.047508,80.615160,2175.181345,0.860487,87.393586,1815.235761,0.742568
101_0120.JPG,192.378472,993.186620,-0.483802,148.211806,3086.812777,-0.343168,111.684028,2762.841134,0.065612
101_0121.JPG,80.642369,539.724036,1.315302,42.036446,520.071565,1.156295,25.006834,328.047789,2.244469
101_0122.JPG,163.739766,966.560933,-1.557175,109.538012,2582.154988,-0.327734,91.347953,2173.706414,-0.049318
101_0123.JPG,98.149289,391.089087,-0.664653,74.601896,587.239617,0.013396,68.000000,537.521327,-0.215419
101_0124.JPG,73.409836,1049.766461,-0.034506,52.543033,713.018640,0.205521,51.969262,685.160940,0.210272
101_0125.JPG,150.381443,1119.400893,-0.806023,116.865979,2156.208843,0.203587,130.556701,2010.855032,-0.082116
101_0126.JPG,111.366093,488.954428,0.325102,76.427518,1168.893395,1.178848,82.457002,860.896800,1.196166
101_0127.JPG,141.015831,902.369143,-0.262425,107.744063,1022.485948,-0.318080,115.279683,1238.803044,-0.072278
101_0128.JPG,141.031915,825.270258,0.212591,103.742021,882.026532,-0.307101,109.640957,1235.597152,0.270242
101_0129.JPG,160.806931,860.982526,0.325771,123.722772,2945.373640,0.549289,128.698020,2333.126630,0.582177
101_0130.JPG,135.904372,675.960801,0.012557,102.765027,1082.912001,0.018455,95.133880,1006.875519,0.041546
101_0131.JPG,128.046667,459.864489,-0.440294,97.543333,1063.421456,0.345703,101.266667,1007.395556,0.077995
101_0132.JPG,159.926630,757.187552,0.209416,117.755435,2523.119536,0.629572,127.122283,1843.118199,0.606209
101_0133.JPG,96.771341,387.133691,-1.117367,66.112805,608.581787,-0.073702,60.844512,474.460580,-0.129285
101_0134.JPG,154.236181,542.235676,-0.247052,114.711055,1741.672792,0.414610,122.874372,1184.034469,-0.000412
101_0135.JPG,145.596708,1762.890853,0.622721,114.374486,3607.905028,0.789489,123.683128,2835.154736,0.611362
101_0136.JPG,94.500000,607.454969,-0.144923,66.475155,962.677954,0.816214,61.770186,719.673894,0.972422
101_0137.JPG,154.674510,964.886213,-0.475667,127.996078,1986.254887,0.063303,137.537255,1644.138808,-0.246910
101_0138.JPG,169.653670,1493.327303,-0.946522,117.660550,3404.618719,0.305961,125.674312,2412.054478,0.076366
101_0139.JPG,118.681564,1135.742174,0.231063,87.723464,1942.674924,1.030244,83.846369,1632.068576,0.942226
101_0140.JPG,118.486726,1453.382567,0.330588,89.929204,2348.461065,0.960733,86.941003,2466.698584,0.984701
101_0141.JPG,128.942623,500.504905,-1.319874,94.946721,825.075030,-0.647323,95.381148,685.916202,-0.944755
101_0142.JPG,143.471774,1232.015332,-0.846190,126.870968,2649.313996,-0.029720,128.157258,2103.693012,-0.148376
101_0143.JPG,178.347826,965.674669,-0.473084,159.978261,2347.899527,-0.057079,163.641304,1898.990903,-0.403750
101_0144.JPG,89.941919,933.691071,0.191316,67.949495,867.335833,0.137857,66.661616,1102.375395,0.658469
101_0145.JPG,116.611842,668.388807,-0.362115,85.851974,1363.718220,0.250477,87.286184,1043.145072,0.481223
101_0146.JPG,161.105740,2875.562837,-0.687785,138.149547,4668.652862,-0.203466,149.394260,4449.441236,-0.479743
101_0147.JPG,122.598174,1351.587394,-0.621848,95.506849,1198.551323,-0.057184,103.520548,1201.770126,-0.319235
101_0148.JPG,118.625344,935.275611,0.540492,83.713499,1178.650699,0.747068,85.079890,987.186455,0.977881
101_0149.JPG,156.908555,2203.316122,-0.536918,120.569322,2844.168498,-0.338652,121.867257,3256.834887,-0.264579
101_0150.JPG,145.897436,1435.750164,-0.744908,109.170940,2238.893856,0.290419,107.679487,2431.081032,0.086048
101_0151.JPG,126.446667,646.973822,0.133741,99.760000,891.509067,0.133522,103.490000,847.116567,0.245172
101_0152.JPG,168.138667,1039.138105,-0.183878,136.362667,1345.649806,-0.257064,152.112000,2096.739456,-0.260428
101_0153.JPG,149.642633,2272.116803,-0.794417,99.507837,1839.785989,-0.570738,97.476489,2147.961046,-0.475434
101_0154.JPG,147.197222,617.786103,-0.256124,97.805556,497.173302,-0.616603,99.977778,621.077284,-0.055191
101_0155.JPG,167.677083,1804.239475,0.182637,148.010417,2494.354058,0.485282,153.942708,2337.689426,0.343844
101_0156.JPG,131.477778,657.593951,-0.852631,103.108333,648.124375,0.450810,98.000000,563.811111,0.718424
101_0157.JPG,127.180617,1233.910109,0.462546,116.533040,1472.640979,0.619561,121.621145,1543.680258,0.509886
101_0158.JPG,149.509383,695.005944,-0.146401,86.048257,3597.284534,0.630707,94.142091,2370.695628,0.831815
101_0159.JPG,154.823344,974.227468,-1.189569,118.154574,2458.957179,-0.398735,123.526814,1642.520574,-0.533700
101_0160.JPG,121.039088,327.118993,0.380761,99.039088,1157.366550,0.518235,94.684039,684.261732,0.761970
101_0161.JPG,102.155172,158.277646,0.807602,83.262931,571.504143,0.686951,80.245690,274.064637,0.910463
101_0162.JPG,120.926923,309.098506,0.100172,98.211538,1143.851405,0.111588,90.723077,829.015621,0.264335
101_0163.JPG,84.114407,310.635216,-0.650298,56.949153,222.548262,-0.129897,51.156780,100.937285,-0.158253
101_0164.JPG,122.080769,2833.043476,0.150970,83.090385,1906.678369,0.122743,106.317308,2939.562777,0.130575
101_0165.JPG,168.640669,1892.319349,0.291914,137.994429,3542.545930,0.186828,141.871866,3392.757955,0.247372
101_0166.JPG,158.322335,2335.908790,-1.048469,128.822335,3117.572496,-0.470701,143.469543,3244.573945,-0.647991
101_0167.JPG,145.229258,1280.853554,-0.908817,106.733624,2516.483629,0.434238,108.412664,1915.792591,0.158396
101_0168.JPG,77.761905,248.022676,0.436909,59.052910,349.399317,0.591223,54.042328,258.987626,0.693521
101_0169.JPG,nan,nan,nan,nan,nan,nan,nan,nan,nan
101_0170.JPG,nan,nan,nan,nan,nan,nan,nan,nan,nan
101_0171.JPG,nan,nan,nan,nan,nan,nan,nan,nan,nan
101_0172.JPG,147.851598,2346.226835,-0.129864,113.942922,5026.455646,0.364965,119.219178,4039.783011,0.309488
101_0173.JPG,144.744624,1304.980482,-0.676673,111.975806,2319.077372,-0.098225,97.854839,1302.070326,-0.615250
101_0174.JPG,137.580357,884.291162,-0.392321,102.279762,2062.332448,0.338252,97.779762,1226.713400,-0.065560
101_0175.JPG,116.014028,1605.985775,0.080218,78.775551,2842.198120,0.480125,72.811623,1912.369324,0.607869
101_0176.JPG,88.967822,902.847974,0.748220,43.185644,550.710586,3.034418,45.106436,672.352533,3.987497
101_0177.JPG,172.739437,1628.253703,-0.182050,129.438967,4666.743928,0.283145,135.629108,3734.594833,0.327007
101_0178.JPG,74.883475,541.950405,-0.300413,33.616525,141.342354,0.584989,31.586864,116.327200,0.334866
101_0179.JPG,181.719512,407.079863,-0.572908,142.939024,1659.637745,0.200075,150.865854,1143.916151,0.023611
101_0180.JPG,157.498452,960.423372,-0.141771,108.712074,2786.211216,0.415460,104.343653,1673.302955,0.289510
101_0181.JPG,142.505464,734.676200,-0.135988,104.117486,2281.240295,0.309563,107.368852,1326.555205,0.193329
101_0182.JPG,112.521739,549.535242,-0.354308,76.562112,877.115707,0.672727,79.031056,765.570464,0.207107
101_0183.JPG,124.368750,731.476523,0.068665,93.028125,1335.246084,0.555007,94.762500,959.293594,0.359649
101_0184.JPG,141.936782,455.915544,0.116331,108.686782,996.893274,0.347975,114.508621,803.008546,0.169144
101_0185.JPG,171.815508,2408.342968,-1.012548,124.663102,5547.576339,0.165688,130.251337,3846.161429,-0.100839
101_0186.JPG,120.948276,1526.281807,-0.239178,79.230603,2035.724839,0.115007,67.668103,1123.213121,0.128004
101_0187.JPG,181.196602,1812.109406,-1.094993,134.893204,5094.308983,-0.058819,149.320388,3348.067254,-0.551766
101_0188.JPG,162.870968,1443.870447,-0.502318,138.889785,3549.850756,0.133126,142.002688,2652.142466,-0.193582
101_0189.JPG,117.503571,1038.285702,-0.071828,105.400000,2158.182857,0.321208,108.342857,1897.118163,0.183274
101_0190.JPG,159.826087,1375.795841,0.093266,132.801242,3220.817638,0.370437,131.639752,2537.410594,0.358175
101_0191.JPG,120.589474,1238.373573,0.393464,93.492105,3105.297306,0.571922,101.023684,2612.759965,0.569587
101_0192.JPG,78.535533,248.522849,-0.383698,57.565990,561.595899,0.516831,60.157360,534.716354,0.479362
101_0193.JPG,190.000000,890.415512,-0.041413,132.204986,3975.946900,0.486357,142.634349,3149.733335,0.427624
101_0194.JPG,139.674000,1424.847724,-0.298841,108.334000,2944.102444,0.198752,108.932000,2607.927376,0.253753
101_0195.JPG,141.497561,1278.557311,-0.015797,99.287805,3343.600095,0.322618,99.648780,2847.827864,0.303037
101_0196.JPG,107.216590,858.441568,-0.257280,101.997696,1649.541469,0.094764,107.852535,1473.102678,-0.044908
101_0197.JPG,100.312668,1112.613829,-0.107579,80.018868,2029.355439,0.480736,74.716981,1431.108580,0.401878
101_0198.JPG,114.902098,465.186219,0.097436,102.335664,1467.789427,0.499905,110.590909,1245.619358,0.298006
101_0199.JPG,125.547445,640.722202,0.661071,104.408759,1592.657733,0.620944,113.113139,1854.479900,0.569549
101_0200.JPG,102.220472,155.943518,0.175966,67.732283,502.747225,0.181468,71.259843,372.940356,0.442477
101_0201.JPG,133.770000,238.607100,0.368455,99.985000,826.414775,0.448626,107.190000,737.903900,0.512074
101_0202.JPG,199.164000,1486.193104,-0.540963,149.364000,6539.063504,-0.057345,163.424000,4070.684224,-0.047838
101_0203.JPG,151.480315,1606.934652,-0.097598,104.775591,4399.898459,0.383876,105.543307,3119.988282,0.639426
101_0204.JPG,97.713693,778.835041,0.020703,63.954357,1034.948124,0.255408,60.701245,757.188754,0.817460
101_0205.JPG,176.265789,1312.900409,-0.540394,134.907895,2678.252043,0.242964,143.202632,2379.024730,-0.132106
101_0206.JPG,188.065274,1224.452658,-1.311809,141.699739,3192.951619,-0.254526,139.216710,2529.825099,-0.481122
101_0207.JPG,161.949254,2351.463096,-0.379124,120.853731,4358.071143,0.303364,122.361194,4105.030733,0.178507
101_0208.JPG,172.410959,1637.372209,-0.973615,105.828767,6016.915885,0.356603,120.910959,3863.752346,0.201905
101_0209.JPG,132.618384,1862.570247,-0.553742,71.161560,2162.798411,0.613532,83.551532,1816.525896,0.252806
101_0210.JPG,133.877551,1415.774122,-0.388740,71.887755,2722.487401,0.903662,85.234694,2170.322470,0.814264
101_0211.JPG,170.411111,1277.447654,-0.410469,112.677778,2854.557284,0.826053,110.261111,2580.470710,0.588198
101_0212.JPG,187.876316,880.655755,-0.725046,149.136842,2790.339169,0.153077,147.800000,2400.096842,0.124965
101_0213.JPG,148.862974,1401.710087,-0.544955,110.034985,1669.707231,-0.138663,108.475219,2191.228978,-0.145657
101_0214.JPG,154.005900,1511.061912,-0.572727,124.162242,2078.973678,-0.235734,115.091445,2188.035886,-0.108765
101_0215.JPG,130.168478,1577.536832,-0.395337,83.076087,876.189863,-0.293511,86.907609,1304.964290,-0.229707
101_0216.JPG,111.315789,3385.083234,0.336788,85.987469,2836.618891,0.421169,84.102757,3882.508238,0.644940
101_0217.JPG,140.403900,1111.148843,-0.770349,113.590529,1268.191665,-0.514216,113.727019,1524.399019,-0.670691
101_0218.JPG,113.228873,257.232828,-0.178538,78.433099,413.858200,-0.511305,64.112676,248.578853,-0.344782
101_0219.JPG,156.012165,2188.766275,-0.378976,128.343066,3967.519776,0.209165,132.316302,3610.561754,0.017402
101_0220.JPG,145.373786,1958.044750,-0.594817,100.888350,3014.856466,0.651917,98.220874,2285.550729,0.271516
101_0221.JPG,165.503650,1497.135631,-0.213546,140.433090,3298.337980,0.251833,148.046229,2930.229006,0.062988
101_0222.JPG,193.226562,708.008565,-0.470002,173.695312,2320.638936,-0.335085,173.973958,1979.025363,-0.421721
101_0223.JPG,177.397163,2614.835169,-1.530743,151.067376,4132.403262,-0.361656,151.677305,3785.424237,-0.354028
101_0224.JPG,166.192926,3494.232876,-0.936959,148.302251,5121.439191,-0.390381,153.980707,4789.838856,-0.356948
101_0225.JPG,138.033088,1377.149640,-0.267834,71.683824,1707.319150,0.916706,66.889706,1332.796659,0.583338
101_0226.JPG,130.392086,1171.295909,-0.107668,71.374101,857.378034,0.419042,68.802158,899.360139,0.360649
101_0227.JPG,144.896226,1111.262816,-0.413872,74.833333,1764.855870,1.274124,77.974843,1553.584273,0.865018
101_0228.JPG,149.259036,432.637720,-0.784350,89.590361,1166.097256,0.111632,86.509036,783.292087,0.026210
101_0229.JPG,118.679878,559.327400,-0.939855,70.198171,783.866216,0.091940,62.536585,579.645003,-0.143140
101_0230.JPG,151.403292,442.701553,-1.221320,98.761317,1386.428627,0.017589,99.666667,943.810700,-0.262455
101_0231.JPG,139.094987,1244.640054,0.094784,94.591029,3089.064933,0.419475,91.503958,2567.189298,0.612231
101_0232.JPG,143.547337,821.827641,0.063490,92.630178,2118.801101,0.680390,85.940828,1426.321943,0.823995
101_0233.JPG,143.670455,1293.465263,0.752299,96.193182,3149.025181,0.868624,93.747159,2625.853685,0.963025
101_0234.JPG,133.257246,1966.962810,-0.166692,78.813406,2727.561197,0.495913,72.157609,1623.226971,0.279679
101_0235.JPG,110.709607,1331.109995,0.207196,64.115721,1469.381805,0.659708,54.524017,767.293091,0.446575
101_0236.JPG,135.793722,1145.383458,0.093251,81.358744,2020.324217,0.504406,78.040359,1154.464739,0.442254
101_0237.JPG,148.856707,407.519101,-0.651228,93.878049,1368.619274,0.394427,88.670732,759.568412,0.343313
101_0238.JPG,164.071895,714.315092,-0.128642,113.875817,2689.442095,0.061167,111.722222,1828.468591,0.086011
101_0239.JPG,120.616352,1065.091808,0.119898,68.383648,1524.978601,1.196047,61.298742,842.052263,1.046799
101_0240.JPG,145.331096,517.438474,0.559414,91.888143,1451.513215,0.699289,80.760626,606.061269,0.752772
101_0241.JPG,126.418782,379.324622,-0.566936,72.850254,692.142551,0.035291,58.852792,304.897111,-0.467878
101_0242.JPG,170.987923,425.408067,0.038564,110.393720,2064.596192,0.218383,104.024155,1003.724054,0.180355
101_0243.JPG,159.427653,513.743158,-0.523527,98.199357,2182.043858,0.141491,90.215434,1197.796032,0.295606
101_0244.JPG,115.566775,478.219482,-0.506484,64.355049,886.287621,0.404436,52.599349,374.578892,0.456101
101_0245.JPG,133.050000,681.361786,0.392780,82.835714,1903.801582,0.386287,77.492857,1132.914235,0.451856
101_0246.JPG,181.371257,1282.724443,-0.037865,157.817365,3548.424728,-0.052612,168.374251,2332.449756,-0.038249
101_0247.JPG,135.503759,1229.969284,0.120279,121.375940,2552.806038,0.059366,120.125313,1758.089560,0.014746
101_0248.JPG,124.586466,1030.573351,-0.584464,99.206767,2248.630180,0.070314,100.973684,1450.175999,-0.133962
101_0249.JPG,177.402439,1478.697799,-0.082086,150.332317,3323.941395,0.291685,158.420732,2753.926643,0.151313
101_0250.JPG,128.152738,954.607795,0.202454,101.181556,1972.350323,0.806363,105.089337,2016.208157,0.851061
101_0251.JPG,126.820809,1392.967891,0.189600,107.465318,2349.549375,0.531925,107.673410,2025.855767,0.509271
101_0252.JPG,167.086449,2537.850003,-0.657122,141.401869,3798.917940,-0.150621,140.698598,3620.042334,-0.065685
101_0253.JPG,178.311037,2485.679176,-0.888124,129.628763,4166.320377,0.094716,133.354515,3749.171978,-0.090431
101_0254.JPG,115.770149,3499.460601,0.175531,78.086567,2464.365640,0.297763,74.808955,2764.136636,0.944933
101_0255.JPG,155.329787,1453.619964,-0.297427,113.470745,3328.759782,0.636197,116.898936,2688.675956,0.597935
101_0256.JPG,142.843537,1307.465315,0.126986,113.636054,2545.823326,0.694119,114.979592,2285.720672,0.737087
101_0257.JPG,89.680451,420.427964,-0.213346,58.500000,526.422932,0.675540,54.695489,372.294491,0.514776
101_0258.JPG,170.676166,1875.845909,0.208681,142.958549,4072.076002,0.506099,150.419689,3757.398991,0.427203
101_0259.JPG,105.384181,1741.146190,0.073405,81.963277,2600.865883,0.393749,77.022599,2428.259376,0.466254
101_0260.JPG,96.236301,1624.584573,0.463017,65.756849,2339.690878,0.816004,62.660959,1865.025462,0.767551
101_0261.JPG,94.675978,562.073780,-0.577509,68.067039,644.140757,0.031282,64.703911,454.778253,-0.379070
101_0262.JPG,156.152632,1296.529335,-0.535928,116.836842,1920.831274,-0.352670,120.189474,1951.869363,-0.506222
101_0263.JPG,162.373832,1359.112586,-0.726972,121.476636,1804.866277,-0.342607,120.962617,1877.297668,-0.541864
101_0264.JPG,180.440397,2037.378898,-0.493141,143.327815,4889.008432,0.178695,136.109272,4319.719848,0.276257
101_0265.JPG,153.017668,1157.409582,-0.353994,117.257951,2492.565970,0.428616,114.869258,2013.018242,0.430785
101_0266.JPG,158.722008,1639.003801,-0.610441,117.548263,2998.996705,0.202711,113.069498,2083.107139,-0.109084
101_0267.JPG,151.617978,509.254808,-0.284990,104.561798,1676.590750,0.555592,108.595506,1136.772714,0.531625
101_0268.JPG,129.628676,658.343736,-0.292489,101.040441,1683.935865,0.339812,100.000000,1114.051471,0.211950
101_0269.JPG,131.541219,900.828946,-0.630943,90.835125,1366.180702,0.613645,88.197133,1119.979060,0.450363
101_0270.JPG,167.123482,1796.480704,-1.127878,133.773279,3242.369650,-0.298266,124.309717,2243.371687,-0.383090
101_0271.JPG,161.576923,1585.419297,-1.036204,133.581197,2562.384433,-0.582050,108.057692,2613.080005,0.193933
101_0272.JPG,168.871698,1742.832595,-0.931226,150.430189,3139.626258,-0.586438,134.733962,2031.244318,-0.231586
101_0273.JPG,120.755000,900.514975,-0.198296,71.445000,1384.296975,0.933993,70.112500,1050.299844,0.985253
101_0274.JPG,101.258486,151.815692,-0.365433,64.020888,289.446039,1.171296,57.464752,376.233092,1.672143
101_0275.JPG,150.550802,782.103034,-0.256919,123.478610,2881.089115,0.376963,138.419786,2911.489555,0.283838
101_0276.JPG,147.309237,255.876260,-0.763982,120.108434,1225.787439,-0.032388,133.102410,754.389111,-0.282485
101_0277.JPG,181.216292,683.321195,-0.427746,155.191011,2409.176998,-0.255060,169.120787,1876.521927,-0.450054
101_0278.JPG,152.338710,53.175598,-0.088409,96.907258,92.584141,0.004805,99.528226,72.797590,-0.679411
101_0279.JPG,138.519444,667.066289,-0.233975,98.083333,1850.815278,0.513274,92.127778,1182.633673,0.596552
101_0280.JPG,161.406015,196.835152,-1.447982,125.823308,466.446224,-0.364292,121.469925,344.264133,-0.384751
101_0281.JPG,199.231660,208.108496,-1.047003,186.559846,1519.304334,-1.074274,190.347490,1335.701644,-1.050640
101_0282.JPG,138.385802,412.588811,-0.089033,102.777778,1229.814815,0.465062,96.055556,980.268519,0.545432
101_0283.JPG,124.519231,119.626553,0.014774,107.519231,233.141938,0.272763,112.976923,244.391775,0.176265
101_0284.JPG,77.366935,271.740358,-1.651010,71.875000,290.028730,-1.483007,72.330645,262.721319,-1.391694
101_0285.JPG,172.581081,2324.365047,-1.355593,131.807432,3984.324404,-0.310990,121.070946,2929.403750,-0.287168
101_0286.JPG,nan,nan,nan,nan,nan,nan,nan,nan,nan
101_0287.JPG,nan,nan,nan,nan,nan,nan,nan,nan,nan
101_0288.JPG,134.094915,1152.831669,0.229315,87.403390,2582.681344,0.870659,81.749153,1828.960804,0.778613
101_0289.JPG,nan,nan,nan,nan,nan,nan,nan,nan,nan
101_0290.JPG,137.878205,567.696704,-1.442999,99.621795,663.562089,-1.557953,90.570513,436.456566,-1.408801
101_0291.JPG,106.829684,533.445445,-0.751205,63.995134,1108.569319,0.516463,62.036496,620.132488,0.250755
101_0292.JPG,99.630058,3481.429617,0.423667,108.684971,4565.296711,0.193347,109.427746,5061.238999,0.217625
101_0293.JPG,97.000000,1162.501229,-1.003975,59.643735,719.276023,-0.178576,56.552826,443.913057,0.030794
101_0294.JPG,181.271357,1625.966567,-0.845346,129.304020,3683.045763,0.133021,132.706030,3112.634687,-0.095850
101_0295.JPG,165.245146,609.044273,-0.435826,133.922330,1803.916297,0.263159,142.393204,2052.442478,-0.010839
101_0296.JPG,131.086022,350.992600,-1.469820,94.723118,332.501294,-0.989957,81.666667,334.555556,-1.400451
101_0297.JPG,126.609375,1712.566162,0.384417,90.973958,1234.056613,0.313459,83.065104,1855.977532,0.792360
101_0298.JPG,106.562500,2006.209329,0.138526,75.893382,1057.889368,0.284445,70.974265,1025.150073,0.381133
101_0299.JPG,172.413934,2584.963904,-0.413442,159.778689,3572.869054,-0.017325,169.963115,3609.592902,-0.283853
101_0300.JPG,138.651163,1834.542764,-0.726844,93.732558,2509.837113,0.354617,92.878738,1706.305893,0.247677
101_0301.JPG,143.552632,1245.498242,0.484887,115.325911,1305.009167,0.455387,108.447368,1912.146015,0.320883
101_0302.JPG,154.901554,1250.078391,-1.245528,113.608808,1912.403964,-0.561268,113.891192,1616.786088,-0.690569
101_0303.JPG,116.010267,1998.416732,0.058189,78.004107,1878.238176,0.688002,75.708419,1212.112106,0.608159
101_0304.JPG,180.163136,1359.081438,-0.509538,136.644068,1586.525855,0.072610,130.915254,2112.831801,0.053349
101_0305.JPG,123.390086,604.065505,0.755403,92.620690,982.756986,0.892939,87.980603,808.243158,1.327039
101_0306.JPG,141.053708,1520.971540,-0.163599,87.933504,1810.834453,0.466165,96.529412,1214.714608,0.214038
101_0307.JPG,177.319444,1025.178511,-0.813725,131.536111,1575.265363,-0.456670,140.966667,1700.987778,-0.706579
101_0308.JPG,110.326531,1001.276031,0.496942,72.007653,529.834125,-0.318608,75.267857,761.900191,0.865566
101_0309.JPG,118.825911,3167.925159,0.586237,91.485830,2357.213362,0.224795,84.097166,2135.302300,1.341800
101_0310.JPG,118.658416,1249.898172,0.044018,96.118812,2008.619547,0.085444,85.148515,1264.086854,0.637772
101_0311.JPG,81.208696,1706.069490,1.640148,55.952174,838.636843,2.514323,55.530435,1396.727335,2.458227
101_0312.JPG,88.794045,1166.739220,1.419612,59.176179,459.127770,0.241176,58.858561,480.414238,1.039379
101_0313.JPG,126.551532,1589.556537,0.326871,112.320334,1735.660617,0.302637,105.122563,1858.625647,0.720249
101_0314.JPG,164.460733,2594.515474,-0.076430,107.136126,1790.855815,-0.036043,98.439791,2573.748993,0.514239
101_0315.JPG,143.666667,1753.218003,0.032903,102.772152,2317.163275,0.474047,100.734177,2067.806975,0.316046
101_0316.JPG,182.307971,931.705878,-0.964490,167.416667,1656.148853,-0.794520,170.992754,2237.702846,-0.981782
101_0317.JPG,133.772727,2426.065230,-0.664676,106.100649,2005.499610,-0.512756,99.246753,2684.841710,0.024028
101_0318.JPG,169.153179,4030.756883,-1.139024,136.569364,5689.464842,-0.321943,149.523121,4935.258136,-0.654673
101_0319.JPG,192.593220,1784.184813,-1.625952,156.188324,4396.484308,-0.766119,179.361582,3205.518976,-1.208271
101_0320.JPG,166.156250,2163.606101,-0.558319,117.764706,4431.121107,0.138330,128.735294,3674.558607,-0.117317
101_0321.JPG,147.481268,1247.465787,0.367013,123.302594,2703.392587,0.636879,127.233429,2255.637153,0.633719
101_0322.JPG,118.242021,653.896213,-0.405440,82.566489,888.814728,0.507414,69.898936,710.516382,0.174247
101_0323.JPG,152.151351,582.312228,-0.122525,122.918919,1764.128561,0.270859,124.510811,1351.341775,-0.122548
101_0324.JPG,113.214477,1053.825313,0.322105,96.769437,2216.273918,0.662483,98.305630,1857.917314,0.586838
101_0325.JPG,120.249191,658.057645,-0.489100,85.313916,1121.406311,0.052593,71.012945,597.410836,-0.297777
101_0326.JPG,141.488095,902.327239,-0.149632,101.122024,1623.517848,0.341303,100.625000,1284.418899,-0.023511
101_0327.JPG,159.092166,1581.355561,0.053072,109.228111,3843.189901,0.506490,107.737327,3096.944828,0.502771
101_0328.JPG,158.804598,494.289404,0.202075,103.548851,1778.724625,0.724015,94.752874,860.973411,0.426804
101_0329.JPG,158.070423,1402.583773,0.270625,105.673239,3398.839706,0.747538,100.816901,2354.729855,0.749793
101_0330.JPG,156.652695,945.124888,-0.872521,108.164671,1879.850129,0.033472,105.308383,1291.530648,-0.165542
101_0331.JPG,152.852201,1051.572495,-0.790109,108.270440,2115.970887,0.156261,101.883648,1662.788349,0.140253
101_0332.JPG,160.709091,1837.217190,-1.143479,114.207273,2207.335220,-0.362724,101.614545,2141.247788,-0.145899
101_0333.JPG,122.972477,2027.930435,-0.721611,80.366972,2324.924964,1.072077,81.958716,2163.232241,0.862566
101_0334.JPG,132.082687,1554.856212,-0.983169,101.149871,1925.527926,-0.267516,98.811370,1787.186641,-0.399097
101_0335.JPG,139.057644,1697.277379,0.077380,109.651629,3658.517735,0.505678,116.253133,3367.737929,0.287092
101_0336.JPG,125.083981,2252.328872,-0.101782,96.284603,2683.463324,0.345646,98.321928,2565.580654,0.379037
101_0337.JPG,115.177515,1765.889593,0.412609,85.652860,2659.840046,0.913108,76.755424,1981.667993,0.847938
101_0338.JPG,141.821429,2620.330894,-0.310107,107.195489,4192.412912,0.232099,103.413534,3409.460569,0.207420
101_0339.JPG,115.821918,1295.082442,0.445810,81.363014,2513.482376,1.122774,81.956621,1815.402228,1.162800
101_0340.JPG,129.475336,1084.451185,-0.184442,93.591928,2384.667558,0.411936,89.069507,1629.190236,0.507960
101_0341.JPG,144.438144,1316.132772,-0.107027,100.628866,3307.346796,0.543172,101.463918,2125.537358,0.548683
101_0342.JPG,71.698462,123.862921,-0.545323,52.895385,291.545979,0.574741,59.296923,169.621067,0.486253
101_0343.JPG,193.076923,662.962409,-0.864477,118.049774,2389.599333,-0.003856,104.972851,1832.687046,-0.112220
101_0344.JPG,145.973494,1094.449900,0.649588,120.677108,2288.922247,0.490481,130.939759,1645.767455,0.632638
101_0345.JPG,76.840142,1054.148513,0.886179,64.896980,1900.692762,1.137375,65.833037,1379.567150,1.350628
101_0346.JPG,42.216783,434.578180,0.437056,31.751049,316.089072,1.301076,40.359441,498.546327,2.469478
101_0347.JPG,139.222689,843.244527,-0.655605,110.817227,2002.115754,-0.451091,115.336134,1496.786173,-0.402307
101_0348.JPG,128.386838,1327.062234,-0.431666,92.067416,1946.476996,0.097923,108.287319,2181.687913,-0.183745
101_0349.JPG,102.586375,787.240106,-0.432415,77.457421,1580.379574,0.464100,90.160584,1724.431634,0.322831
101_0350.JPG,172.078947,486.756925,-0.301230,114.615789,1751.126066,0.299453,153.123684,1520.166281,-0.128665
101_0351.JPG,151.749042,2565.793342,-0.413749,113.195402,3465.459902,0.172446,116.454023,3643.336009,0.146195
101_0352.JPG,84.939394,1605.157943,1.085517,54.356061,584.991908,0.598756,55.229798,796.217395,1.384843
101_0353.JPG,132.340000,1272.264400,-0.773344,109.017143,1578.399706,-0.224186,110.877143,1551.164906,-0.513012
101_0354.JPG,120.774621,2237.867765,-0.049775,97.441288,3552.871553,0.647893,106.910985,2994.418213,0.624470
101_0355.JPG,132.976103,598.857885,0.433205,102.279412,1410.638841,1.110985,109.016544,1157.277300,0.930985
101_0356.JPG,168.618799,773.076618,0.184996,137.078329,2126.328068,0.550399,136.167102,1660.165288,0.597246
101_0357.JPG,166.274621,1047.047689,-1.197578,115.412879,2624.018925,0.436002,121.359848,1736.188691,0.201259
101_0358.JPG,141.357759,1313.527181,-1.470135,82.605603,1002.036262,-0.519988,72.836207,465.072310,-0.616069
101_0359.JPG,168.273128,1525.920996,-2.126659,106.440529,1594.858798,-0.545147,92.839207,727.060049,-1.075290
101_0360.JPG,133.217687,3498.136286,-0.620349,101.469388,3108.596002,-0.306045,100.741497,2730.939979,-0.277642
101_0361.JPG,156.558333,1441.546597,-0.975794,118.547222,2026.519992,-0.422180,115.625000,1691.167708,-0.243478
101_0362.JPG,156.130653,1547.259312,-0.249300,109.502513,1650.310295,-0.339381,89.522613,1649.556021,0.206858
101_0363.JPG,119.547253,3556.907108,-0.281152,83.738462,3353.753576,0.769199,89.125275,3545.837053,0.584431
101_0364.JPG,167.811494,882.796649,0.205166,143.583908,2303.967097,0.237494,140.714943,4343.932535,-0.310672
101_0365.JPG,156.590164,805.802526,-1.293897,118.009836,1505.767116,-0.043355,111.291803,1130.468949,-0.111233
101_0366.JPG,142.683406,3854.216362,-0.518789,104.731441,4631.379841,0.530908,115.497817,4186.280563,0.359462
101_0367.JPG,173.487805,2551.120931,-1.263947,129.313589,3446.615948,-0.316212,131.752613,3046.482354,-0.267987
101_0368.JPG,164.084485,3723.865366,-0.688156,120.580645,4715.668996,0.170672,129.342550,4051.337345,0.041727
101_0369.JPG,149.319742,3699.685318,-0.705105,116.890558,5052.432228,0.156495,122.126609,4149.187833,0.170121
101_0370.JPG,138.322394,1542.222317,-0.254566,91.758687,2284.461073,0.495283,92.913127,1709.365040,0.568739
101_0371.JPG,181.568273,1814.490319,-0.708615,122.178715,2558.407820,0.324702,124.130522,2040.820313,0.102201
101_0372.JPG,187.843085,1364.499314,-0.885034,123.960106,3271.107451,0.018560,140.319149,2471.414101,-0.138966
101_0373.JPG,173.423333,1450.554122,-0.717927,120.698333,2678.457331,0.168698,128.525000,2371.682708,0.123474
101_0374.JPG,173.667158,1964.908362,-1.186896,114.733432,2664.852358,0.423327,115.851252,2322.335753,0.347419
101_0376.JPG,141.513228,1461.577867,-0.619661,101.494709,1897.916639,-0.144265,119.653439,2649.443388,-0.259215
101_0377.JPG,144.524051,532.355751,-0.588479,109.756962,1037.287768,-0.061868,124.873418,1698.925749,0.085282
101_0378.JPG,124.846890,725.588998,-0.090027,92.177033,1763.901673,0.326761,113.870813,1962.442641,0.232331
101_0379.JPG,161.850000,880.048333,-1.293526,134.835417,2705.666662,0.361855,168.708333,2189.289931,-0.192282
101_0380.JPG,169.154040,804.291928,0.574492,134.575758,3216.921028,0.452605,138.904040,2442.854428,0.444884
101_0381.JPG,92.444785,354.455540,-0.912802,72.684049,675.596494,0.203512,66.343558,510.900373,0.239444
101_0382.JPG,111.836158,339.063551,-0.381147,80.768362,960.415270,0.403277,77.725989,779.379720,0.921701
101_0383.JPG,150.151442,1072.051584,-0.526185,115.305288,2720.553434,0.282732,113.521635,1792.177417,0.060313
101_0384.JPG,129.711392,915.947085,0.344254,113.802532,1989.702778,0.507434,112.663291,2000.111944,0.331357
101_0385.JPG,139.421488,704.701136,-0.964505,113.628099,1436.498053,0.326243,111.517906,1445.291002,0.577771
101_0388.JPG,98.989293,1002.199029,-0.522304,69.263383,1533.821422,0.856211,70.916488,1405.267116,0.681413
101_0389.JPG,183.822148,934.595885,-1.317360,164.577181,1779.619882,-0.779425,164.325503,1749.306799,-0.938269
101_0390.JPG,172.587822,1534.392170,-0.265469,163.786885,2326.134910,-0.128792,169.250585,2414.918472,-0.245204
101_0391.JPG,141.989305,1282.342132,0.055392,121.807487,2898.444222,0.480482,124.770053,2813.973863,0.364023
101_0392.JPG,177.095101,752.650898,-0.466116,174.126801,1370.047322,-0.236754,181.564841,1211.052712,-0.340461
101_0393.JPG,160.715625,536.741006,-1.265230,138.853125,367.637803,-1.220706,127.921875,286.690771,-1.317379
101_0394.JPG,129.120588,3260.429576,-0.511448,88.711765,3180.063979,0.278653,87.564706,2810.004637,-0.016226
101_0395.JPG,179.110429,3609.852836,-0.685059,163.395706,4628.502926,-0.572432,160.110429,5723.773081,-0.465681
101_0396.JPG,148.606061,4746.563820,-0.451000,119.917355,4621.017963,-0.285124,120.622590,5200.400261,-0.266227
101_0397.JPG,173.524862,2425.216233,-0.620155,138.607735,5199.503587,0.027144,136.872928,4123.801532,-0.112760
101_0398.JPG,114.366337,2195.499461,-0.278958,81.210396,2139.680981,0.556506,79.324257,2186.664659,0.352843
101_0399.JPG,172.480874,2496.681328,-0.894138,145.196721,4890.223596,-0.242689,144.945355,4142.002478,-0.508419
101_0400.JPG,161.599650,3254.212098,-0.719953,130.559441,5014.208005,-0.001290,137.823427,4530.068472,-0.321250
101_0401.JPG,165.131206,2228.954416,-0.761744,142.549645,3489.928386,-0.266695,145.225177,3419.504260,-0.534246
101_0402.JPG,157.477905,2465.159495,-0.761474,125.801964,3087.265201,-0.170934,134.302782,3612.846130,-0.408007
101_0403.JPG,127.709172,2831.673808,-0.023116,108.628635,3916.774840,0.338856,117.496644,3877.730973,0.375804
101_0404.JPG,119.645000,930.553975,-0.044638,95.207500,1371.774444,0.696968,99.292500,1732.501944,0.252235
101_0405.JPG,123.100264,1317.414749,-0.002688,91.453826,1499.187182,0.417473,96.783641,1908.011236,0.096062
101_0406.JPG,134.844244,1255.738720,-0.375277,90.306998,2324.813202,0.596593,90.189616,1698.722511,0.280437
101_0407.JPG,140.742268,895.387182,-0.363639,83.551546,979.468992,0.613266,78.824742,1223.149697,-0.108778
101_0408.JPG,190.458101,1086.242658,-1.061209,146.094972,2560.694891,-0.247892,147.488827,2610.467752,-0.711910
101_0409.JPG,140.272549,2306.778658,-0.672802,96.570588,3621.927370,0.726701,102.023529,3075.305329,0.508434
101_0410.JPG,124.869779,1556.496556,-0.406049,82.307125,1996.065379,0.725420,80.882064,2043.268646,0.603163
101_0411.JPG,190.634615,2004.193417,-1.284032,164.459135,3507.632945,-0.530028,168.151442,3077.835238,-0.826959
101_0412.JPG,162.327473,2288.932322,-0.050521,125.263736,4151.266707,0.459124,124.914286,3595.933312,0.325450
101_0413.JPG,140.082353,2097.530473,0.342653,102.115686,3312.651323,0.995235,98.800000,2767.395294,0.891900
101_0414.JPG,128.164948,1028.761452,-0.000469,92.559278,1791.277414,0.844536,89.961340,1510.341289,0.693518
101_0415.JPG,140.256410,1029.636818,-0.235581,112.082051,2092.921473,0.354112,110.133333,1611.146325,0.149875
101_0416.JPG,105.190255,1594.502086,-0.221124,79.909513,1544.453529,0.260848,71.067285,954.234452,0.206876
101_0417.JPG,160.931034,1364.693520,-0.324980,136.415948,2872.911039,0.053452,142.689655,2478.201100,-0.219237
101_0418.JPG,162.625310,1112.606506,-0.833394,111.836228,2012.663005,0.252003,110.052109,2092.922843,-0.133839
101_0419.JPG,156.025761,787.355308,-0.717696,111.482436,1172.952268,-0.126065,109.711944,1357.722644,-0.233050
101_0420.JPG,164.831804,615.491588,-0.418304,119.113150,979.262426,-0.497009,117.125382,1048.751863,-0.287601
101_0421.JPG,165.075107,920.584488,-0.629121,114.682403,1795.710291,0.234759,118.500000,1689.614807,-0.273939
101_0422.JPG,136.456284,688.827324,-0.773778,98.710383,1063.588253,-0.021705,97.948087,970.125720,-0.351262
101_0423.JPG,109.493750,601.306211,0.085099,76.625000,566.946875,0.191447,75.668750,668.815273,0.013500
101_0424.JPG,168.005814,2244.315858,-0.938135,138.548450,3983.670133,-0.329951,145.399225,3803.402635,-0.571172
101_0425.JPG,150.586057,1308.883117,-0.864911,132.549020,2431.541715,-0.568832,136.921569,2281.993849,-0.794618
101_0426.JPG,108.974747,1141.458958,-0.146591,89.280303,1351.201733,-0.004338,90.484848,1563.557851,-0.091878
101_0427.JPG,153.361650,2489.910471,-0.107921,124.723301,4727.171010,0.436713,135.939320,4782.158939,0.142702
101_0428.JPG,141.717445,1836.595838,-0.417548,114.864865,2806.893286,-0.120950,121.343980,2729.164233,-0.171328
101_0429.JPG,106.865096,1448.082443,0.051967,89.811563,1693.185048,0.124331,93.402570,1957.358280,0.094966
101_0430.JPG,168.868966,733.644899,-0.543006,141.177011,2283.915793,0.261235,151.655172,1540.138565,-0.069056
101_0431.JPG,129.270096,641.521903,-0.682571,98.231511,1572.840293,-0.005178,95.324759,1122.978133,-0.420303
101_0432.JPG,117.569620,729.840090,-0.615733,95.126582,1331.129547,-0.103915,98.794304,1214.245664,-0.086149
101_0433.JPG,169.306383,1298.927406,-0.679610,144.868085,2249.974088,0.045837,145.117021,1955.362902,-0.192076
101_0434.JPG,120.169935,1342.171558,0.018371,91.562092,1529.217822,0.584668,89.444444,1451.440813,0.254335
101_0435.JPG,130.466368,1221.553802,-0.120499,103.401345,1146.128160,-0.146711,105.704036,1370.733033,-0.070723
101_0436.JPG,145.398693,1023.738648,-0.279579,116.657952,2117.994114,0.426499,117.721133,1723.486503,0.419009
101_0437.JPG,101.132353,621.850130,-0.081479,84.697479,1086.152179,0.398748,85.182773,987.901468,0.055581
101_0438.JPG,120.470745,894.211910,0.142880,92.571809,1435.016120,0.625187,87.813830,1043.715341,0.420929
101_0439.JPG,151.487124,1085.842109,-0.339648,116.809013,2148.905584,0.433085,113.223176,1245.615429,0.373645
101_0440.JPG,111.607330,926.159946,0.004221,81.044503,1260.943046,0.642627,76.992147,1147.243394,0.956516
101_0441.JPG,133.210256,914.976305,-0.602794,101.007692,1531.853787,0.063632,100.507692,888.516607,-0.431982
101_0442.JPG,132.381818,1671.441627,-0.261581,109.601399,2552.027131,0.202468,118.640559,2494.151921,-0.038752
101_0443.JPG,111.599617,1349.090651,0.201605,89.597701,1763.098692,0.799332,91.490421,1848.092820,0.447804
101_0444.JPG,119.141256,1690.022648,-0.107871,96.600897,2863.100806,0.463415,101.033632,2461.960752,0.227670
101_0445.JPG,162.009506,2324.108275,-0.989202,120.190114,3285.884009,-0.162150,121.494297,2660.915367,-0.426166
101_0446.JPG,123.122845,915.508616,-0.194131,93.127155,1509.313573,0.346814,91.760776,1186.039755,0.183674
101_0447.JPG,107.540179,620.926957,-0.297980,80.348214,811.106425,0.081457,80.995536,802.830337,0.147810
101_0448.JPG,145.209776,1983.575139,-0.092588,107.608961,3042.747292,0.389326,111.698574,3363.742136,0.257467
101_0449.JPG,111.720339,1083.009360,-0.037296,86.039548,1806.461713,0.761550,88.875706,1719.086246,0.625570
101_0450.JPG,77.843636,235.986460,-0.803471,56.610909,155.103154,-0.764540,52.570909,194.972245,-0.705983
101_0451.JPG,160.041056,1314.227053,-0.758299,138.260997,3019.946543,-0.140317,144.096774,2751.723773,-0.314918
101_0452.JPG,158.510836,1067.265362,-1.117947,143.656347,2181.179116,-0.919253,149.941176,2446.389729,-1.141136
101_0453.JPG,112.432836,1040.417131,-0.791342,92.250000,1278.747201,-0.443271,90.641791,1052.871686,-0.513919
101_0454.JPG,167.566092,765.912299,-0.346757,112.750000,1690.267960,0.986266,111.387931,1593.001808,0.662861
101_0455.JPG,96.992574,913.299450,-0.158696,70.202970,623.572664,-0.118388,65.858911,709.433064,0.096408
101_0456.JPG,134.736486,1552.410290,-0.253877,92.415541,1225.188813,-0.259214,85.709459,1653.557478,-0.030411
101_0457.JPG,162.081784,1504.134575,-0.496370,123.715613,2468.854068,0.413360,132.665428,2579.583229,-0.027742
101_0458.JPG,119.758542,1001.800468,-0.545439,77.635535,1024.044842,0.330556,79.054670,1120.028902,0.013260
101_0459.JPG,116.360231,1602.731905,-0.047730,78.867435,1034.057355,0.156018,88.613833,1789.090068,0.162703
101_0460.JPG,145.858439,4036.662356,0.190858,111.519056,3554.177042,0.618108,122.827586,4540.825083,0.415116
101_0461.JPG,108.159836,4028.732649,0.241928,74.991803,2170.667966,0.506961,87.854508,3422.398914,0.603016
101_0462.JPG,157.917874,1865.896637,0.557011,124.577295,1498.171562,0.147594,135.084541,2147.372080,0.472225
101_0463.JPG,136.174020,3352.629031,0.123328,93.477941,1766.970102,0.432717,105.524510,3529.014105,0.486080
101_0464.JPG,116.822368,3329.290815,0.040026,101.457237,3114.452119,0.259671,111.950658,4628.566644,0.227168
101_0465.JPG,131.165517,2857.731225,0.124445,108.820690,2006.305779,0.389567,123.527586,3198.863032,0.385195
101_0466.JPG,126.992793,1496.007155,-0.005369,92.812613,3084.357679,0.713308,98.969369,2557.283746,0.709176
101_0467.JPG,123.000000,1137.613707,0.049524,98.331776,2172.900828,0.323426,99.904984,1581.497203,0.587354
101_0468.JPG,171.095694,1219.228482,-0.245687,114.698565,3425.094145,0.473899,121.923445,2625.828270,0.310920
101_0469.JPG,171.495954,2403.267325,-0.711927,116.493642,5001.098514,0.301959,115.714451,3850.139271,0.167046
101_0470.JPG,131.904669,2818.903363,-0.323947,115.435798,3207.296462,-0.174565,123.924125,3540.918367,-0.260500
101_0471.JPG,117.538306,1534.970307,-0.381499,99.889113,1700.840527,-0.283206,101.272177,1559.101323,-0.408303
101_0472.JPG,144.843687,285.173963,-0.249232,73.026052,499.352027,-0.134170,63.731463,305.122277,0.091302
101_0473.JPG,130.576172,396.127010,-1.086036,45.302734,377.230618,0.806477,35.974609,97.602871,0.417450
101_0474.JPG,172.762500,909.043594,-0.094552,136.787500,2882.942344,0.356900,152.789583,2089.991141,0.021972
101_0475.JPG,182.574586,748.609078,-0.190790,147.657459,2573.556699,0.106279,155.140884,1637.010538,-0.057254
101_0476.JPG,158.097308,480.427384,-0.299573,123.997930,1417.600410,-0.060629,133.797101,904.025085,-0.012187
101_0477.JPG,177.462609,1890.610341,-0.749231,141.066087,4373.560850,0.024875,153.526957,3615.042317,-0.290682
101_0478.JPG,173.766260,2344.955528,-0.317424,132.408537,4739.863586,0.133444,136.912602,4119.937483,-0.041495
101_0479.JPG,143.180361,2982.336207,0.371712,107.066132,4059.705045,0.526223,114.328657,4450.104409,0.558641
101_0480.JPG,186.033473,1534.668336,-0.543756,144.435146,3425.388053,0.128012,147.110879,3301.847539,0.022351
101_0481.JPG,167.223684,1367.242071,-1.157109,136.297368,2474.714204,-0.348019,129.586842,2214.779301,-0.710299
101_0482.JPG,94.622642,1519.819865,0.518101,63.708895,1292.955689,0.679334,64.819407,1711.765230,0.859199
101_0483.JPG,171.159145,1086.048307,-0.234532,122.774347,2840.450268,0.527435,133.285036,2286.436569,0.268913
101_0484.JPG,168.763689,1222.687673,-0.433755,145.296830,2796.393160,0.075132,151.899135,2572.004236,-0.202478
101_0485.JPG,159.152047,977.742964,-1.190117,140.467836,1882.722650,-0.687283,140.505848,1466.366925,-0.952498
101_0486.JPG,146.600575,1917.176666,0.503505,109.402299,3667.292179,0.957793,164.258621,1837.134265,-0.544971
101_0487.JPG,142.884146,1819.620724,-0.182658,109.027439,2748.240101,0.146372,131.393293,1009.988614,-0.702714
101_0488.JPG,121.283088,1325.151479,0.376942,94.220588,1505.752811,0.555634,131.610294,1867.723129,-0.297126
101_0489.JPG,165.323917,892.422385,-0.681453,141.644068,1814.101184,0.228774,151.514124,1447.537936,-0.264656
101_0490.JPG,157.348039,1499.530829,-0.649272,127.620098,2047.461067,-0.181415,130.870098,2018.367929,-0.298951
101_0491.JPG,96.525886,1043.410093,0.016034,67.814714,692.467031,0.564367,76.795640,1204.892842,0.690909
101_0492.JPG,169.297688,1537.498087,-0.290690,113.791908,2658.997160,0.630167,116.537572,2757.537606,0.427610
101_0493.JPG,138.877778,3566.640617,0.058263,99.844444,4630.344691,0.909574,105.180000,4994.098711,0.631907
101_0494.JPG,142.762195,1955.797107,0.542905,105.679878,2623.546912,0.784395,108.454268,3154.955226,0.684038
101_0495.JPG,186.295711,1122.578469,-0.250962,149.020316,2457.852860,0.514075,152.259594,2654.779112,0.101664
101_0496.JPG,171.837607,840.375338,-1.318412,143.856838,1719.520103,-0.558195,147.938034,1342.276075,-1.221405
101_0497.JPG,151.672680,1369.137707,-0.159250,123.422680,1744.723403,-0.200098,120.662371,2394.486522,0.142894
101_0498.JPG,184.730583,843.687123,-1.178721,156.199029,2607.557475,-0.529248,156.449029,2192.956140,-0.565861
101_0499.JPG,182.180095,1198.275623,-1.532754,156.594787,2832.833433,-0.313129,159.149289,2502.397144,-0.696422
101_0500.JPG,190.236434,1405.366580,-0.911315,152.488372,4058.792500,-0.238016,147.313953,3331.285154,-0.354373
101_0501.JPG,100.078704,375.961398,-0.486224,73.518519,775.620027,0.428229,59.092593,1103.528464,0.779637
101_0502.JPG,177.709052,1820.951987,-1.317177,142.596983,3310.594043,-0.162989,143.827586,2803.487515,-0.715737
101_0503.JPG,173.691011,1449.657335,-1.293380,141.404494,2372.055485,0.055209,143.146067,2262.152822,-0.567772
101_0504.JPG,117.425170,768.387258,0.900718,76.071429,1125.991497,0.392141,68.863946,1810.471285,1.307660
101_0505.JPG,185.203540,2468.852377,-0.867057,162.969027,5193.224704,-0.700394,154.008850,4761.513196,-0.568706
101_0506.JPG,160.040984,2306.995588,-0.999839,119.535519,3158.079339,-0.114091,116.016393,2526.917764,-0.389138
101_0507.JPG,119.869081,1614.236342,-0.210784,97.025070,1754.475695,-0.290055,98.047354,1962.808343,0.333880
101_0508.JPG,167.666016,1566.152126,-0.082324,132.013672,4008.142391,0.451157,138.345703,3278.495724,0.446690
101_0509.JPG,169.211823,1891.344294,-0.197584,137.913793,4220.630499,0.329358,138.160099,4035.558112,0.290068
101_0510.JPG,145.287449,1561.670409,-0.423172,123.819838,2726.508028,0.122229,131.404858,2609.204511,-0.112658
101_0511.JPG,180.757282,1401.593515,-0.256211,147.996117,4054.489305,0.073189,155.968932,3088.333015,-0.213396
101_0512.JPG,145.064815,553.000429,-0.837506,118.421296,1365.998435,0.302633,136.687500,1043.691696,-0.710268
101_0513.JPG,92.110865,205.535381,-0.738023,63.629712,276.224306,0.370228,63.800443,177.694102,-0.316670
101_0514.JPG,173.715278,1218.293933,-0.748596,146.711806,2495.212083,-0.257195,157.413194,2571.707743,-0.791269
101_0515.JPG,144.281250,434.925363,-0.836874,114.227679,1277.979412,-0.011002,117.214286,1153.802296,-0.290288
101_0516.JPG,148.838095,1027.926168,-0.142836,140.728571,1644.131088,-0.294138,143.838095,1806.421406,-0.320171
101_0517.JPG,180.205036,887.680982,-0.713015,114.197842,3124.223449,-0.007939,134.820144,1633.406501,-0.474070
101_0518.JPG,159.620209,934.883633,-0.350331,105.592334,2694.513251,0.139217,125.184669,1738.826525,0.081358
101_0519.JPG,106.638514,760.021355,-0.606470,61.530405,946.147724,-0.007363,65.236486,513.234615,0.090382
101_0520.JPG,169.711538,1749.643713,-0.561554,121.407692,3455.295325,-0.265833,134.561538,2501.692367,-0.168124
101_0521.JPG,177.798995,931.768642,-1.080959,142.045226,3673.410015,-0.758912,141.959799,2765.023510,-0.882467
101_0522.JPG,188.793722,1568.926059,-0.700346,156.291480,4150.027147,-0.261704,164.188341,3684.735828,-0.488764
101_0523.JPG,193.908213,787.020561,-0.396400,149.946860,1522.774954,-0.969458,142.893720,1676.838946,-0.648064
101_0524.JPG,127.333333,908.099145,-1.187764,121.805128,1765.746640,-0.659568,126.297436,2107.367942,-0.508929
101_0525.JPG,203.673913,254.819754,-0.664742,168.808696,1938.676446,-1.384123,158.065217,1384.339225,-1.151404
101_0526.JPG,191.644172,332.695472,-1.572628,140.417178,850.500809,-1.410238,102.392638,634.238473,-0.769380
101_0527.JPG,103.315217,628.574551,-0.226768,58.641304,507.882207,-0.238683,50.516304,428.597560,-0.015537
101_0528.JPG,130.469194,621.831989,-0.883299,91.194313,812.573617,-0.904265,79.521327,659.064711,-0.779908
101_0529.JPG,129.994413,780.977622,-0.154463,96.675978,1150.029088,-0.436200,84.145251,813.498455,-0.121860
101_0530.JPG,125.305263,929.885762,-0.906938,97.373684,1290.297202,-0.784117,89.636842,993.883906,-0.902892
101_0531.JPG,102.936782,1153.369567,-0.121821,53.212644,793.224898,0.311799,52.120690,814.692331,0.109002
101_0532.JPG,163.511848,246.714315,-0.329192,101.208531,1180.999169,0.106007,95.312796,559.892680,0.757553
101_0533.JPG,192.549763,527.707239,-1.821100,159.488152,2343.775926,-1.142023,152.421801,1793.826823,-0.737561
101_0534.JPG,116.419118,198.214046,-0.177336,50.628676,238.174619,0.100162,43.845588,105.314392,-0.479546
101_0535.JPG,198.480263,329.578558,-0.675319,113.513158,1753.999827,-0.859573,91.381579,1168.972819,-0.420584
101_0536.JPG,127.048193,267.479605,0.226889,72.710843,708.265786,0.298902,65.981928,688.584011,1.083343
101_0537.JPG,105.700680,166.168911,-1.532137,36.829932,127.515295,-0.979156,23.047619,60.371882,-0.495200
101_0538.JPG,195.700000,348.736316,-0.396152,118.105263,2729.525762,-0.380367,112.589474,1667.652521,-0.158117
101_0539.JPG,156.437500,346.256510,-0.560740,84.088542,2169.091119,0.021685,76.932292,1114.021457,0.158249
101_0540.JPG,121.168478,200.411832,0.210486,50.065217,874.137051,0.198010,48.054348,430.051394,0.356836
101_0541.JPG,199.971154,531.374168,-0.957824,129.177885,3296.713549,-0.821178,124.485577,2951.345946,-0.395383
101_0542.JPG,185.160194,1495.891814,-0.058829,136.422330,4617.826492,-0.042769,123.815534,4329.383448,0.677048
101_0543.JPG,132.195531,321.386349,-0.242797,48.413408,697.281608,0.092354,41.301676,169.584969,-0.092975
101_0544.JPG,197.981061,576.382217,-0.513616,140.560606,3904.806933,-0.201782,141.090909,2363.870523,-0.265539
101_0545.JPG,89.938462,214.355187,0.396830,51.307692,237.371992,0.161545,39.456410,143.366049,0.815636
101_0546.JPG,138.804598,647.076760,-0.101112,90.040230,1622.889186,0.443966,75.574713,809.221430,0.644364
101_0547.JPG,145.523026,504.361312,-0.579016,140.884868,1229.147929,-0.987612,148.187500,1022.402344,-0.992087
101_0548.JPG,126.815126,722.058259,1.112478,107.323529,1250.647430,1.007453,84.827731,1363.100576,2.010728
101_0549.JPG,115.734597,606.194964,0.213511,85.004739,1282.232205,-0.009399,62.843602,537.231464,0.654259
101_0550.JPG,195.326087,1636.784972,-1.182199,182.582609,3807.591002,-1.202635,175.269565,3470.962117,-0.980099
101_0551.JPG,82.321429,735.777636,0.546331,49.023810,672.951814,0.876260,35.315476,308.251665,1.075686
101_0552.JPG,86.358779,548.825476,0.064137,43.381679,621.274168,0.230542,39.473282,380.600431,0.179474
101_0553.JPG,207.504202,528.384436,-0.692297,182.495798,1797.031495,-1.062778,172.697479,1524.194195,-0.843543
101_0554.JPG,145.223301,663.746253,-0.760596,100.339806,1496.030163,-0.525684,81.160194,645.493755,-0.764643
101_0555.JPG,68.777778,537.353395,-0.090213,43.256944,871.135368,0.394190,44.881944,800.701341,0.431900
101_0556.JPG,199.305556,729.534414,-0.179386,155.508333,3243.666597,-0.426839,148.194444,2516.595525,-0.046966
101_0557.JPG,181.629630,890.040604,-1.316793,105.700000,2308.639630,-0.077135,95.651852,1257.471385,-0.188527
101_0558.JPG,130.407407,127.630316,-0.984388,61.240741,185.803155,0.337459,62.921296,92.600287,-1.291614
101_0559.JPG,161.379310,400.453825,0.006056,107.413793,1339.621879,-0.618854,94.862069,1039.417757,-0.115292
101_0560.JPG,78.595092,183.750160,-0.162227,38.466258,430.028003,-0.300641,29.920245,185.754375,0.362507
101_0561.JPG,128.954198,998.455917,1.099367,73.129771,1745.486976,0.397193,57.404580,1102.546239,0.910546
101_0562.JPG,178.260274,539.863764,-0.460474,95.301370,1356.941140,-0.271032,69.456621,402.385105,-0.158987
101_0563.JPG,158.708738,373.157885,-0.818440,86.480583,664.094283,-1.279106,53.718447,157.765388,-0.826465
101_0564.JPG,171.872340,899.490086,-0.473649,89.034043,1755.675437,0.190007,61.412766,1018.548773,0.526065
101_0565.JPG,100.814672,245.479167,-0.814541,52.756757,476.608786,-0.084753,41.459459,241.383492,0.299002
101_0566.JPG,152.428030,1544.472093,-0.505748,63.102273,1738.508480,1.972294,53.534091,1164.051868,1.653016
101_0567.JPG,138.649533,1132.143528,-1.194647,77.476636,1445.342912,0.466538,72.205607,1096.116604,0.609215
101_0568.JPG,197.542857,1625.671020,-1.130547,154.477143,5441.426620,-0.697612,151.037143,4224.607192,-0.634056
101_0569.JPG,104.210884,916.703827,-0.362676,59.163265,1568.456338,0.446795,57.037415,1061.355743,0.307146
101_0570.JPG,101.357447,1507.276487,0.592247,74.438298,2840.016406,0.679897,77.302128,3003.112974,0.881784
101_0571.JPG,167.169611,681.094907,0.040350,134.922261,1964.262508,0.154837,128.243816,1751.385783,-0.117542
101_0572.JPG,133.955556,1565.864691,0.248621,100.066667,2512.151111,0.433158,83.859259,2460.009822,0.772301
101_0573.JPG,166.932143,1592.070395,-0.984467,148.382143,2811.950395,-0.886163,133.400000,2252.032857,-0.563038
101_0574.JPG,175.008086,1267.582145,-0.621772,136.843666,3702.379872,-0.232842,143.797844,3001.638378,-0.320167
101_0575.JPG,156.985019,620.321873,0.012461,139.127341,1629.032473,0.045389,136.074906,1514.810868,0.425369
101_0576.JPG,175.931818,1388.063533,-0.947198,142.829545,3508.292915,-0.578376,148.299242,2745.391515,-0.736065
101_0577.JPG,138.698276,2184.089997,-0.569989,102.482759,3593.258323,0.070433,101.284483,3019.781139,-0.139797
101_0578.JPG,108.277108,1161.019596,0.526107,75.126506,1158.965924,0.809519,83.253012,1771.080563,0.729209
101_0579.JPG,163.466667,1301.271111,-0.380472,148.403704,4082.211097,-0.179968,154.696296,3305.878134,-0.205184
101_0580.JPG,125.003906,1345.394516,-0.395651,98.898438,2062.591248,0.156066,94.437500,2023.527344,0.011905
101_0581.JPG,126.219828,712.214607,-0.682667,99.478448,1611.965053,0.343584,101.422414,1439.502601,0.232675
101_0582.JPG,168.000000,1749.351562,-0.357832,149.128906,3230.510727,-0.138995,153.421875,3441.759521,-0.371998
101_0583.JPG,144.359259,958.207970,-1.122763,133.196296,1569.372579,-0.578263,134.281481,1818.676324,-0.627322
101_0584.JPG,103.060606,2057.794307,0.247349,88.459596,2143.672610,0.146467,92.969697,2960.261708,0.278251
101_0585.JPG,154.544402,1119.398608,-0.389701,129.942085,2446.680044,-0.124789,126.115830,2048.920946,-0.194533
101_0586.JPG,124.101818,759.967815,0.351980,95.898182,1367.204179,0.586715,86.189091,979.927881,1.556930
101_0587.JPG,131.409677,680.751519,-1.253396,115.709677,985.870552,-0.585184,107.029032,706.589480,-1.371662
101_0588.JPG,177.213710,405.151909,-1.573223,94.294355,960.538355,0.635221,87.616935,676.768584,0.308155
101_0589.JPG,115.813187,356.668398,1.167196,73.609890,601.633529,0.873757,66.802198,496.708127,1.100909
101_0590.JPG,124.526786,293.999283,-0.161520,80.544643,272.480150,-0.267076,71.258929,195.941885,-0.376469
101_0591.JPG,128.634454,869.047048,-1.222869,102.466387,2121.442147,-0.100895,102.205882,1573.096268,-0.273180
101_0592.JPG,95.803150,312.976998,0.300770,67.811024,980.893422,0.386860,70.051181,818.150924,0.409761
101_0593.JPG,145.441948,761.400188,-0.239923,102.239700,2418.699098,0.702146,108.794007,2182.260938,0.776403
101_0594.JPG,174.265625,814.671631,-1.116879,143.488281,3350.507675,-0.579338,144.246094,2354.068344,-0.734932
101_0595.JPG,83.880435,295.790052,-0.142904,57.271739,740.273984,-0.081410,48.168478,321.759659,-0.167785
101_0596.JPG,111.500000,418.853604,0.025631,87.608108,1470.706781,0.067050,84.855856,949.123367,-0.014595
101_0597.JPG,172.745370,1036.319423,-0.230733,143.981481,3358.092250,0.144780,149.134259,2792.171789,0.033719
101_0598.JPG,87.334975,333.848383,-0.237633,59.847291,814.237764,0.043865,52.280788,364.024606,-0.096963
101_0599.JPG,120.266990,844.370464,-0.127217,92.140777,1992.761735,0.232833,87.427184,1256.205863,0.093012
101_0600.JPG,174.574194,1471.386431,0.112718,154.883871,3570.625224,-0.097503,155.100000,3200.328710,0.028095
101_0601.JPG,164.157343,1537.216502,-0.615175,142.010490,3321.248142,-0.176108,151.370629,3087.589907,-0.329610
101_0602.JPG,88.088542,559.622369,0.134576,68.536458,521.207004,-0.615848,70.250000,564.177083,-0.303953
101_0603.JPG,181.401575,1338.854486,-0.636436,163.232283,3417.642895,-0.528625,162.732283,3050.526753,-0.451301
101_0604.JPG,164.347826,1990.000756,-0.393630,143.226087,4068.853233,-0.227528,143.765217,3445.301399,-0.277665
101_0605.JPG,139.767123,1178.964033,0.442236,123.561644,1163.159442,0.315424,111.666667,1501.674277,0.385076
101_0606.JPG,162.996212,1948.526501,-0.789530,136.359848,4362.154600,-0.170382,134.875000,3903.351799,-0.195257
101_0607.JPG,112.977477,2283.139132,-0.171361,94.945946,3350.150231,0.070739,100.099099,3905.701891,0.122120
101_0608.JPG,123.511013,1077.139747,-1.127722,106.449339,1568.617478,-0.820104,98.762115,1337.679093,-0.465190
101_0609.JPG,181.967742,827.579605,0.706764,141.733871,3662.606595,0.449386,145.024194,2830.846189,0.653776
101_0610.JPG,144.229787,463.198262,-0.127893,115.212766,1133.078135,0.238312,114.510638,1067.645632,0.916719
101_0611.JPG,124.725962,693.708557,-1.039147,98.115385,1186.861686,-0.186684,95.052885,1074.357780,-0.235939
101_0612.JPG,174.857724,622.089514,0.176114,145.613821,2280.489077,-0.527072,140.349593,1463.520061,-0.123225
101_0613.JPG,129.216749,1069.036764,0.215498,109.827586,2659.650076,0.337174,106.221675,2533.197166,0.496224
101_0614.JPG,141.085586,1196.798981,-0.404601,114.351351,2288.263940,-0.017779,99.558559,2022.679003,0.010823
101_0615.JPG,176.163866,1054.187434,-0.687617,129.151261,3882.296448,0.279094,139.105042,2867.749470,0.279599
101_0616.JPG,115.985019,972.643970,-0.328054,99.868914,2266.623266,0.318913,103.352060,1947.509013,0.051954
101_0617.JPG,108.629921,1080.949656,0.275626,71.019685,644.145282,-0.520281,74.043307,865.710723,0.090136
101_0618.JPG,156.388316,1917.323437,-0.472091,114.268041,2605.453927,-0.254802,125.189003,2724.531288,-0.510937
101_0619.JPG,153.426540,1610.121381,-0.358820,129.042654,2538.903394,-0.945356,134.473934,2946.391501,-0.427768
101_0620.JPG,176.740741,1733.147599,-0.917908,136.729630,2868.915789,-0.419577,130.125926,2529.324883,-0.635053
101_0621.JPG,114.381250,1490.335898,-0.113877,83.065625,3218.898818,0.338844,85.771875,2502.907334,0.422351
101_0622.JPG,71.550781,156.247421,0.369500,50.101562,385.052185,0.082510,45.656250,230.459961,0.639869
101_0623.JPG,123.390805,50.812789,0.146321,97.109195,85.131755,-0.607999,99.120690,67.669342,-0.391133
101_0624.JPG,165.668731,1276.723078,-0.908121,136.808050,3676.582350,-0.228340,143.380805,2991.635173,-0.359929
101_0625.JPG,93.819383,571.240505,-0.363932,79.885463,841.916397,-0.198789,67.039648,697.333230,-0.067902
101_0626.JPG,80.233333,507.237222,-0.785649,60.041667,373.689931,-0.392174,52.654167,356.842899,0.149984
101_0627.JPG,160.986696,3416.212683,-0.440379,144.886918,4906.854175,-0.037903,147.585366,4435.861338,-0.125245
101_0628.JPG,125.515152,1209.340680,-0.157439,108.022727,1397.166150,0.274135,109.284091,1664.854898,0.595684
101_0629.JPG,126.633094,2468.469696,-0.327240,113.410072,3037.759899,-0.129224,102.812950,2216.756379,0.146986
101_0630.JPG,166.356481,933.025699,-0.495059,123.796296,2950.208505,0.607949,131.217593,2607.948024,0.318226
101_0631.JPG,121.029557,1083.368585,0.469148,93.596059,1222.014172,0.868926,96.793103,1389.060642,0.630722
101_0632.JPG,68.356250,147.491836,-0.342862,50.650000,104.802500,-0.572786,47.600000,104.477500,0.209896
101_0633.JPG,153.843750,1505.263086,-0.720628,143.578125,3342.793896,-0.545493,141.156250,2668.531836,-0.467907
101_0634.JPG,83.690323,375.968616,0.089123,67.167742,738.133153,0.551890,63.203226,450.478054,0.383507
101_0635.JPG,113.071795,431.297410,-0.727185,100.435897,892.368968,0.053774,93.379487,769.497015,-0.406107
101_0636.JPG,159.182692,878.880085,-1.380353,143.830128,2563.423067,-0.323377,146.557692,1703.477441,-0.585139
101_0637.JPG,92.178694,578.895903,-0.345529,73.223368,877.932925,0.187654,66.219931,690.975685,0.107750
101_0638.JPG,124.847826,1091.672495,-0.212440,106.777174,1948.227522,-0.126480,97.168478,1608.694441,-0.009547
101_0639.JPG,172.080000,722.067886,-1.354249,159.622857,2352.937763,-0.763075,158.251429,1920.868212,-0.652347
101_0640.JPG,101.745020,446.357296,0.016437,94.725100,638.621641,-0.448750,90.426295,773.208711,0.558110
101_0641.JPG,74.953668,106.376232,1.204577,59.420849,168.197403,0.408063,52.196911,142.165859,1.435819
101_0642.JPG,169.496875,1225.374990,0.019942,150.131250,3434.489023,0.103265,156.753125,2394.467178,0.064933
101_0643.JPG,159.247899,1572.976361,-0.404162,162.176471,2445.859614,-0.461466,160.021008,2207.297878,-0.319507
101_0644.JPG,79.910112,1011.310272,0.393797,64.745318,1400.759107,0.838823,60.116105,1210.986520,0.700232
101_0645.JPG,173.690840,1867.320450,-1.194483,144.824427,4301.816503,-0.671814,137.889313,2966.609886,-0.845975
101_0646.JPG,193.181452,1748.938850,-1.233877,172.439516,4074.343116,-0.775302,165.923387,3175.804614,-0.995332
101_0647.JPG,84.680180,437.613931,-1.171916,67.247748,452.501684,-0.835344,50.639640,353.807077,-0.084725
101_0648.JPG,153.572864,2395.088912,-0.050681,134.864322,5253.680084,0.102026,135.118090,4769.144346,0.040787
101_0649.JPG,123.526490,1528.620159,0.138331,110.801325,2530.450594,0.382463,111.622517,2376.612473,0.504164
101_0650.JPG,125.091633,1545.923874,0.076567,89.330677,2468.396629,0.739214,85.840637,2942.930779,0.732362
101_0651.JPG,165.364103,2489.390506,-0.871798,143.989744,4805.343485,-0.246684,142.807692,4308.652761,-0.314280
101_0652.JPG,82.457031,872.459091,-0.266154,63.425781,890.939804,0.069241,51.578125,388.736084,0.190036
101_0653.JPG,136.487500,1656.174844,-1.004785,106.195833,2021.324149,0.044038,98.829167,2114.758316,0.063798
101_0654.JPG,159.029167,2441.394983,-0.703557,122.204167,4044.954149,0.077801,120.620833,4044.960399,-0.004008
101_0655.JPG,114.614232,1096.356801,-0.297951,81.696629,1278.952910,-0.058634,82.591760,1350.735962,0.343331
101_0656.JPG,139.990385,1468.932600,0.383359,119.336538,2582.338665,0.084312,117.600962,3212.547499,0.391390
101_0657.JPG,168.584270,1837.231663,-0.628881,138.546816,4133.446310,-0.026748,136.666667,3846.843945,-0.270286
101_0658.JPG,110.105769,1455.325351,-0.077603,95.923077,2385.205621,0.331696,92.500000,2205.634615,0.357257
101_0659.JPG,76.923077,607.886391,0.062724,63.148718,359.121473,-0.648036,61.112821,359.053938,-0.017194
101_0660.JPG,224.846354,219.015455,-0.680760,149.044271,1998.453769,-0.675435,138.557292,1264.314426,-0.501865
101_0661.JPG,173.517915,1317.689418,0.051564,92.361564,1694.152659,0.396140,97.589577,1819.023735,0.082538
101_0662.JPG,84.706897,178.379608,-0.485425,27.189655,76.268629,-0.167588,17.333333,104.463602,1.216514
101_0663.JPG,162.678977,1895.717967,-0.097605,120.946023,3582.482882,0.253800,127.000000,3461.630682,0.405821
101_0664.JPG,156.617647,1235.101705,-0.814243,90.365546,1608.013435,0.022303,73.369748,600.964127,0.141264
101_0665.JPG,58.021583,734.452772,0.584361,32.244604,67.379018,0.505259,38.244604,72.789090,0.496284
101_0666.JPG,176.167969,1468.577255,-1.017532,129.566406,3010.190903,-0.478658,114.101562,2021.575623,-0.136802
101_0667.JPG,165.861842,866.158544,-1.020900,88.351974,956.438615,-0.173151,70.773026,295.333351,-0.499656
101_0668.JPG,132.864048,897.495112,-0.042323,87.465257,801.910424,-0.160219,83.885196,478.017032,0.260623
101_0669.JPG,183.248148,1001.682867,-0.031345,77.411111,1850.953210,-0.123740,78.600000,989.151111,-0.141600
101_0670.JPG,149.908088,1483.326111,0.374458,59.216912,673.471332,0.164484,59.878676,427.496310,0.887399
101_0671.JPG,134.996183,1502.996169,0.291084,65.354962,857.061025,-0.026600,71.435115,499.719072,0.170102
101_0672.JPG,184.837696,912.240673,-0.708798,131.575916,2933.432718,-0.186646,127.989529,1916.507744,-0.318835
101_0673.JPG,193.699647,783.227809,-0.799096,116.579505,2262.540499,-0.413261,83.745583,697.786862,-0.407282
101_0674.JPG,146.371681,710.817605,-0.464985,84.651917,1331.229871,0.021490,83.964602,566.069543,-0.237249
101_0675.JPG,195.642140,1532.564244,-0.346859,111.849498,3665.184707,0.107720,94.090301,2317.246026,0.163725
101_0676.JPG,172.894040,1517.227183,-1.455614,80.205298,1019.547257,-0.872739,47.384106,195.342529,-0.697789
101_0677.JPG,117.308411,2086.699275,0.261005,67.214953,1133.589309,0.222022,69.747664,999.104551,0.194194
101_0678.JPG,208.504167,670.641649,-0.757335,114.670833,3384.879149,-0.069771,111.575000,2342.336042,-0.110023
101_0679.JPG,193.928571,791.530612,-0.974028,94.383929,1030.629385,0.534153,85.361607,554.400490,-0.068834
101_0680.JPG,56.783582,519.751671,0.652362,33.029851,104.670751,0.626661,37.470149,41.293885,0.469168
101_0681.JPG,164.932584,1072.916803,-1.207066,121.797753,3014.296175,-0.577290,121.741573,2219.981905,-0.261788
101_0682.JPG,194.926421,877.854118,-0.765706,121.274247,2691.382982,-0.610101,90.254181,938.911981,-0.302191
101_0683.JPG,127.188889,1726.412469,0.033983,58.862963,551.636776,0.000345,56.255556,508.427284,0.804705
101_0684.JPG,169.398625,102.878898,-0.591861,111.845361,480.295674,-0.108916,108.508591,452.139961,0.154431
101_0685.JPG,100.880682,862.764172,0.334659,78.767045,730.508232,0.722399,105.488636,1980.283962,0.472918
101_0686.JPG,93.485577,227.451715,-0.156255,51.634615,132.914571,-0.422149,35.677885,134.968357,0.487392
101_0687.JPG,150.745033,539.143601,-0.093775,139.268212,2272.752566,0.019874,157.605960,1872.112945,0.022964
101_0688.JPG,132.184659,881.724424,-1.105466,82.088068,833.546221,0.221640,70.877841,469.408373,-0.169902
101_0689.JPG,102.373418,321.525116,-0.291211,76.278481,623.631309,-0.032867,65.987342,318.582118,-0.282374
101_0690.JPG,206.431818,598.347624,-0.674173,176.346591,3061.840102,-1.206557,171.528409,2864.453738,-0.773913
101_0691.JPG,132.278846,982.701091,-0.213027,91.596154,3064.952293,-0.010003,88.846154,2301.764793,0.179448
101_0692.JPG,176.448276,646.396750,-0.009776,133.545977,3648.684668,-0.259691,132.080460,2820.637204,0.215942
101_0693.JPG,165.385475,205.208951,-0.456787,91.681564,1697.468431,0.615959,106.832402,1076.921632,1.110139
101_0694.JPG,152.713542,1929.600233,-0.334547,124.531250,3350.967773,-0.636484,113.442708,3039.965468,-0.360435
101_0695.JPG,125.873684,964.110360,-0.815911,77.594737,896.167341,-0.441469,64.189474,657.900942,-0.000495
101_0696.JPG,129.235577,703.372388,-0.261473,75.783654,1689.217617,0.273798,61.009615,1869.490292,0.900555
101_0697.JPG,199.255682,745.031218,-1.203554,160.062500,1975.229048,-1.326834,137.187500,1732.084162,-1.084019
101_0698.JPG,155.866906,395.568617,0.781674,133.636691,1396.540668,1.011536,151.075540,1612.055445,0.780482
101_0699.JPG,197.349057,415.906461,-0.799866,134.820755,1528.354664,0.114910,114.764151,1213.758841,0.141019
101_0700.JPG,182.989305,610.919672,-0.903912,88.229947,1097.824130,-0.505746,88.240642,738.278990,-1.046556
101_0701.JPG,140.176471,245.225543,-0.079984,91.288770,208.921959,-0.148822,87.887701,451.286854,0.281373
101_0702.JPG,123.493671,796.751226,2.070038,67.865823,1619.381996,2.382483,74.427848,1151.556187,2.667716
101_0703.JPG,136.441441,923.688012,0.706625,90.612613,2154.633715,0.940826,84.049550,1617.713761,0.954313
101_0704.JPG,195.812500,339.074219,-0.801230,160.500000,1808.093750,-0.321946,158.636719,1247.410995,-0.240273
101_0705.JPG,172.746269,447.249053,-0.115257,131.873134,1706.513756,0.065680,113.231343,1235.595734,0.420996
101_0706.JPG,173.902344,655.447495,0.305829,117.492188,2588.835876,-0.290365,102.554688,1641.715759,0.262708
101_0707.JPG,159.845833,959.347066,-0.830382,134.504167,2401.983316,0.028284,148.791667,1897.531597,-0.392818
101_0708.JPG,179.402778,1094.490548,-0.455714,138.972222,2896.832562,0.012321,132.157407,2682.975223,0.756505
101_0709.JPG,129.678363,373.914093,-0.273199,93.076023,1098.912349,-0.477035,82.456140,640.973223,-0.418382
101_0710.JPG,192.687151,555.287600,0.297431,155.519553,1994.473081,-0.019247,159.251397,1350.858587,-0.085114
101_0711.JPG,149.043750,501.566836,-0.092742,76.156250,416.231836,-0.489101,77.100000,669.290000,0.480268
101_0712.JPG,230.773148,120.693909,-1.218783,192.828704,1165.753065,-1.271386,168.782407,1074.142468,-0.485283
101_0713.JPG,150.030435,875.516465,-0.067763,142.886957,2064.482873,0.082288,169.521739,1772.953875,0.000253
101_0714.JPG,110.958333,761.004216,-0.581675,70.690476,993.416100,0.820076,70.398810,1298.549284,0.481193
101_0715.JPG,120.935484,1670.044225,0.521067,79.830645,3313.656803,0.392434,70.008065,2955.548322,0.587596
101_0716.JPG,140.108108,1048.240565,-0.435227,81.725225,3213.091165,0.265286,63.229730,2818.140918,0.809484
101_0717.JPG,102.401042,425.052707,-0.476596,57.833333,1307.159722,0.022658,40.130208,781.936171,0.188853
101_0718.JPG,148.315000,2290.585775,-0.220922,109.950000,3723.727500,-0.175655,102.590000,3489.371900,0.011947
101_0719.JPG,143.510417,401.520725,-0.388658,88.968750,1200.696940,-0.618986,75.093750,731.991211,-0.139842
101_0720.JPG,128.488987,534.611112,-0.225107,82.277533,2045.839275,-0.433149,76.361233,961.975237,-0.305763
101_0721.JPG,197.841121,829.460739,-0.327859,150.429907,3592.179666,-0.316700,142.126168,2617.558848,-0.002531
101_0722.JPG,130.509091,556.046281,-0.588297,87.636364,1267.147769,-0.694897,69.887273,615.307293,-0.616731
101_0723.JPG,190.338182,407.154724,-0.959837,132.563636,2177.911405,-0.032182,129.254545,1478.997025,-0.333098
101_0724.JPG,209.542105,432.616648,-1.219111,173.889474,1446.550942,-1.709015,152.031579,1299.904266,-1.415738
101_0725.JPG,164.911565,600.665649,-0.631808,126.163265,1389.034569,-0.528232,114.959184,1071.767042,-0.052466
101_0726.JPG,175.407767,1564.891979,-1.666951,130.679612,3125.130361,-0.227023,130.626214,2127.331158,-0.802623
101_0727.JPG,131.811189,660.894420,-0.435464,82.884615,730.864309,-0.343152,73.940559,494.328635,0.538730
101_0728.JPG,145.912052,736.275653,-0.406644,101.563518,1713.666161,0.115317,97.442997,1150.872158,-0.001025
101_0729.JPG,135.241379,1699.950357,-0.279818,90.853448,2333.866454,0.321417,87.831897,1745.562258,0.148765
101_0730.JPG,105.489474,429.281468,-0.051765,58.768421,2196.967424,0.401874,66.563158,1395.488116,0.609890
101_0731.JPG,88.475000,251.911875,-0.269449,38.812500,761.852344,0.196138,39.462500,371.661094,0.205058
101_0732.JPG,115.664804,583.708873,0.164071,50.731844,1771.101276,1.357403,63.094972,1249.672545,1.265694
101_0733.JPG,97.562500,769.902344,-0.015589,58.062500,1042.777344,0.043666,51.703125,878.021240,0.377624
101_0734.JPG,155.553571,392.961416,-0.820503,92.732143,1329.481824,-1.007101,93.446429,561.711416,-0.731605
101_0735.JPG,76.081301,251.342984,-1.000451,30.479675,125.534140,0.288044,32.609756,152.221693,-0.176554
101_0736.JPG,103.697183,324.718161,-0.217911,80.042254,1225.279905,-0.216589,80.852113,1134.435876,0.012357
101_0737.JPG,114.883041,396.220239,0.319794,62.725146,345.696385,-0.408193,67.187135,298.093636,0.074983
101_0738.JPG,187.402299,329.999075,-0.380255,123.436782,2069.475888,0.564680,130.120690,1614.784285,0.674514
101_0739.JPG,130.756554,1290.506277,-0.473656,96.970037,2261.010338,-0.516454,87.348315,1353.770063,-0.406026
101_0740.JPG,170.787645,1416.429809,-0.618404,135.776062,3571.864910,-0.658543,126.482625,2089.755490,-0.620296
101_0741.JPG,132.250000,2612.782738,0.441985,108.577381,4130.458298,0.373314,95.410714,3539.753933,0.917243
101_0742.JPG,134.405128,807.830743,-0.306206,97.779487,1978.705220,-0.336853,92.764103,1662.416147,-0.090860
101_0743.JPG,131.572193,694.105751,-0.432014,97.208556,1688.710515,-0.629883,85.764706,965.891161,0.070317
101_0744.JPG,131.228155,1893.360567,0.147737,96.796117,3353.521538,0.296415,87.446602,2667.868508,0.656406
101_0745.JPG,156.294545,623.502334,-0.147164,102.450909,2773.396681,-0.158374,97.389091,1948.717699,-0.064694
101_0746.JPG,125.413793,312.114490,-0.599582,93.921182,1665.914970,-0.338771,102.921182,1304.900192,-0.171138
101_0747.JPG,124.846591,513.482147,-0.473110,88.335227,1548.177395,0.009693,89.738636,1290.045325,0.231940
101_0748.JPG,198.894737,1195.009972,-1.076080,151.415789,3569.769224,-0.223155,135.231579,3066.156898,0.164201
101_0749.JPG,168.288660,1326.823892,-0.130386,104.426117,3316.416363,0.110957,91.003436,1941.268029,0.348506
101_0750.JPG,136.050505,1388.320682,-0.595290,120.060606,2889.046832,-0.251239,134.929293,2803.520253,-0.169794
101_0751.JPG,179.936893,474.496018,-0.916973,162.946602,2146.215595,-0.978587,155.966019,1896.867777,-0.841025
101_0752.JPG,169.186916,369.423006,-0.539922,152.887850,1994.912656,-0.924021,147.168224,1497.270766,-0.674449
101_0753.JPG,77.942308,343.044749,-0.963377,59.567308,321.841624,-0.732154,52.961538,347.556213,-0.578603
101_0754.JPG,120.202643,819.121931,0.222934,99.466960,2009.949349,0.202654,96.638767,1667.675678,0.283788
101_0755.JPG,175.910714,1655.517028,-0.534843,163.107143,3996.574235,-0.582764,164.228571,3744.940612,-0.541458
101_0756.JPG,134.068729,1209.335483,-0.174152,120.621993,2740.729963,0.064413,123.450172,2847.209716,0.042663
101_0757.JPG,118.427313,351.381280,-0.582587,90.466960,546.830406,-0.009317,82.246696,855.084516,0.223334
101_0758.JPG,175.164794,794.759360,-0.729026,104.400749,1806.831910,-0.555471,82.981273,834.183170,-0.115899
101_0759.JPG,144.684874,358.047754,-0.343575,84.701681,840.192518,-0.280960,66.525210,501.114911,0.094319
101_0760.JPG,152.453744,88.820548,-1.439563,78.718062,122.845621,-2.038794,45.458150,55.754856,-0.847111
101_0761.JPG,184.752033,553.267780,-0.686271,175.024390,2277.812413,-1.414101,176.044715,1741.026456,-1.250607
101_0762.JPG,192.041667,945.425347,-0.362048,162.854167,4148.562066,-0.321963,168.854167,2574.020399,-0.356520
101_0763.JPG,135.820433,750.648870,-0.242374,106.222910,2057.975079,0.397024,111.294118,1152.288108,0.172139
101_0764.JPG,165.010490,1500.996393,-0.907332,149.622378,2404.388870,-0.765266,149.587413,2679.885716,-0.704724
101_0765.JPG,182.902098,2057.612793,-0.932048,157.080420,4584.360666,-0.558134,155.216783,3988.645313,-0.606384
101_0766.JPG,126.223938,2586.667998,0.188391,94.559846,2434.068812,0.095691,94.787645,3279.564944,0.287383
101_0767.JPG,193.876712,854.701695,-1.650520,177.872146,2253.810137,-1.039047,169.853881,2182.197827,-1.025655
101_0768.JPG,158.833333,1534.642954,-0.927418,128.715447,2796.805209,-0.219236,117.524390,1989.818511,-0.507749
101_0769.JPG,62.483740,716.274126,0.692467,33.142276,165.463497,0.818193,34.345528,283.949716,0.906536
101_0770.JPG,189.910072,1244.981122,-0.338063,156.374101,3857.716164,-0.101112,156.751799,3215.035518,-0.020072
101_0771.JPG,174.710000,1568.525900,-0.774869,160.300000,3468.890000,-0.479717,157.210000,3506.885900,-0.482473
101_0772.JPG,140.721774,758.765332,-0.837906,109.733871,840.767885,-1.049523,99.750000,1647.413306,0.490825
101_0773.JPG,148.198473,2569.746868,0.090087,115.293893,4507.115917,0.641748,163.965649,1965.231644,-0.637906
101_0774.JPG,132.671795,2164.507666,0.146987,107.076923,3713.137673,0.300744,130.728205,1749.449204,-0.502515
101_0775.JPG,89.903409,1070.507716,0.183161,61.670455,728.766400,0.766441,84.397727,1556.296358,0.075797
101_0776.JPG,152.071970,1823.142548,-0.197145,132.821970,3372.464517,-0.305474,144.909091,3398.014463,-0.338115
101_0777.JPG,156.921739,2813.863440,-0.351165,136.552174,4170.021191,-0.010517,133.617391,3770.888393,-0.254308
101_0778.JPG,64.364130,718.155453,1.534161,45.358696,359.490903,1.703759,44.951087,533.774781,2.148080
101_0779.JPG,156.817073,1969.255156,-0.218378,108.483740,2786.339167,0.520099,106.365854,2685.849891,0.429481
101_0780.JPG,139.506608,2625.879912,-0.248444,118.744493,3974.110928,0.040894,118.167401,4138.562285,-0.171758
101_0781.JPG,87.163793,1981.516275,0.232486,57.301724,603.348618,-0.055513,58.918103,961.023465,0.871310
101_0782.JPG,190.788618,543.719545,-0.927685,173.463415,1794.630775,-0.682007,165.569106,1832.163924,-0.766252
101_0783.JPG,169.525735,1134.094926,-0.844928,149.496324,2637.720575,-0.457022,139.099265,2626.361470,-0.210893
101_0784.JPG,131.144231,958.661890,1.037360,102.293269,980.149570,-0.127106,89.942308,2159.150518,0.575233
101_0785.JPG,182.636054,840.666863,-0.689903,166.707483,2602.513073,-0.453544,164.877551,1963.161877,-0.345222
101_0786.JPG,187.940559,1836.405558,-0.927755,185.199301,3676.509230,-1.024608,184.496503,3232.900337,-0.949791
101_0787.JPG,192.712821,1645.804707,-0.970519,162.476923,4699.798185,-0.508399,154.620513,3956.697015,-0.501746
101_0788.JPG,96.903571,530.922844,0.720940,62.917857,492.225395,0.315599,55.682143,658.352538,0.463492
101_0789.JPG,196.866412,1325.253147,-1.684261,189.473282,2441.012645,-1.341370,183.301527,2463.615189,-1.406888
101_0790.JPG,174.427313,2185.354849,-1.140221,150.176211,3331.968950,-0.361798,143.828194,3313.014536,-0.536138
101_0791.JPG,94.550505,493.035328,2.003686,60.974747,387.125625,2.001058,52.929293,661.510152,2.668996
101_0792.JPG,173.538793,2126.869185,-1.194761,142.788793,3687.597633,-0.343069,128.896552,4092.342747,-0.062585
101_0793.JPG,158.944853,2898.463871,-0.643360,131.474265,4184.278749,-0.320663,124.746324,3568.858442,-0.381399
101_0794.JPG,94.474074,1380.419698,0.721913,70.914815,1057.692743,0.533408,60.988889,1476.033210,1.784733
101_0795.JPG,173.235732,1891.197532,-0.379225,142.203474,4672.241477,0.101074,145.736973,4001.523869,0.144367
101_0796.JPG,174.496528,2225.722210,-0.682330,150.774306,4307.244201,-0.165722,149.548611,4312.935137,-0.198331
101_0797.JPG,142.748252,1666.251308,-0.971037,140.027972,2348.544672,-0.915866,132.807692,1890.679801,-1.063566
101_0798.JPG,190.069182,1243.762509,-0.794138,175.622642,3350.977097,-0.786502,172.141509,3211.058591,-0.688515
101_0799.JPG,149.112069,721.539165,-0.685888,129.418103,2573.389845,0.102223,144.094828,1770.465146,-0.227566
101_0800.JPG,96.740741,411.349451,0.126532,76.231481,827.816787,0.654403,77.416667,868.881944,0.464672
101_0801.JPG,175.568421,1393.045319,-1.232076,163.352632,3250.133546,-0.830057,165.168421,3086.024266,-0.930697
101_0802.JPG,131.973684,470.951939,-0.455851,102.947368,1130.439335,-0.097299,100.305263,973.791025,0.007098
101_0803.JPG,132.798561,750.160861,-0.065540,123.424460,1199.323430,-0.311483,125.194245,1057.192485,-0.373582
101_0804.JPG,176.098958,931.370416,-0.434359,121.135417,2758.919162,-0.111477,127.062500,1991.975260,-0.129732
101_0805.JPG,182.812808,777.472348,-1.363946,148.300493,2546.348128,-0.544524,162.270936,1797.113786,-0.798348
101_0806.JPG,121.459893,187.489033,-1.399527,82.796791,388.653893,-0.408243,79.069519,296.503189,-0.038512
101_0807.JPG,171.978448,1234.883156,-0.843275,128.560345,2523.772221,-0.692082,135.698276,1964.305514,-0.762973
101_0808.JPG,187.828358,188.470539,-0.602977,161.231343,504.774838,-0.264854,148.149254,581.246380,-1.255236
101_0809.JPG,192.534483,2186.018926,-0.588624,169.132184,5169.068734,-0.522015,172.580460,4860.657319,-0.600407
101_0810.JPG,171.037975,1964.644128,-0.223921,126.860759,2000.664156,-0.145905,112.715190,2557.710022,0.080027
101_0811.JPG,100.508475,2217.910945,0.290784,100.161017,3464.355429,0.483393,105.457627,3947.722781,0.490865
101_0812.JPG,158.721374,1392.460536,-0.326128,131.679389,3043.210186,-0.011937,128.129771,3332.410640,-0.113284
101_0813.JPG,108.725100,1107.163474,-0.732770,77.768924,1526.121903,-0.263174,71.486056,1538.361359,-0.134891
101_0814.JPG,179.318725,1184.288853,-0.989043,134.254980,3232.723830,-0.469889,127.924303,2404.038095,-0.473524
101_0815.JPG,195.516892,572.506471,-2.253365,164.172297,1570.635854,-1.770069,152.263514,1635.829209,-1.441654
101_0816.JPG,161.793893,1199.743780,-1.846627,111.564885,1006.551133,-1.048061,107.587786,1648.379698,-0.360929
101_0817.JPG,176.776892,1101.599625,-1.953664,139.808765,2293.756258,-0.819059,133.984064,2288.366280,-0.532552
101_0818.JPG,140.354167,2112.270399,-0.281769,76.733333,3830.095556,0.394902,78.300000,3591.018333,0.507505
101_0819.JPG,122.953782,405.052486,-0.062079,48.067227,718.205565,-0.428069,43.365546,268.660494,0.363788
101_0820.JPG,183.300412,2344.111399,-1.768380,130.650206,4833.355010,-0.550993,134.436214,3294.616302,-0.890280
101_0821.JPG,165.366071,924.107063,-0.617396,89.035714,1913.686224,-0.427117,95.544643,1397.256936,-0.759117
101_0822.JPG,110.082524,692.561151,-0.134900,61.859223,1040.421929,-0.260435,58.344660,710.322957,-0.150303
101_0823.JPG,189.800926,1237.826110,-1.099315,129.648148,2519.866941,-0.782737,135.013889,2634.597029,-0.935609
101_0824.JPG,94.153846,1460.442833,0.216529,56.240695,1343.721222,-0.017297,41.808933,656.894014,0.009424
101_0825.JPG,154.473913,1000.884102,-0.194252,69.569565,2077.758204,-0.328737,66.960870,645.741947,-0.372268
101_0826.JPG,130.187050,826.382278,0.375607,48.661871,619.979194,-0.543222,49.611511,893.374256,1.063003
101_0827.JPG,194.211656,443.823300,-1.734330,133.582822,1573.310625,-0.676958,134.800613,1113.196441,-1.155213
101_0828.JPG,193.313084,927.813193,-1.917054,129.714953,1479.278561,-1.337351,122.116822,1346.691960,-1.055928
101_0829.JPG,160.426295,3149.455723,-0.543497,112.318725,3975.173315,0.088333,108.151394,4284.566721,0.193968
101_0830.JPG,185.458333,671.137153,0.038004,94.833333,3050.736111,-0.395906,99.833333,2241.652778,-0.317291
101_0831.JPG,179.833333,559.755556,0.020736,91.575000,1931.144375,-0.224487,86.383333,1352.603056,0.159389
101_0832.JPG,196.477011,687.306943,0.030237,115.390805,4130.640375,-0.115143,128.873563,3222.501255,-0.147131
101_0833.JPG,181.748387,1716.252820,-0.352997,125.974194,3570.967076,0.051353,118.600000,2389.994839,-0.176153
101_0834.JPG,171.318750,1480.904648,-0.382905,111.800000,2455.247500,-0.160484,104.418750,1767.818398,-0.209646
101_0835.JPG,179.147826,1432.995539,-0.689223,128.617391,2410.740567,-0.539443,115.382609,2063.940567,-0.534634
101_0836.JPG,182.417722,2315.433104,-0.399474,125.639241,3370.129346,-0.570762,120.322785,3607.560367,-0.557753
101_0837.JPG,151.426667,1009.511289,0.715226,83.633333,1157.072222,-0.251658,83.206667,1363.363956,0.263233
101_0838.JPG,162.073620,1105.491513,0.681391,103.840491,1875.606459,-0.121047,100.134969,1927.147427,0.402233
101_0839.JPG,146.886667,980.487156,0.693934,76.426667,886.951289,0.571597,81.686667,1433.068489,0.751453
101_0840.JPG,117.880150,1848.869531,-0.378287,68.546816,1871.768407,-0.409778,63.262172,1553.676584,-0.348900
101_0841.JPG,159.413408,613.348647,-0.471425,102.815642,748.295621,-0.558581,92.787709,794.524765,-0.845477
101_0842.JPG,184.050279,909.645517,-0.337880,130.329609,2039.092475,0.028209,125.581006,2030.109360,-0.129422
101_0843.JPG,217.701087,578.796521,-1.379923,156.603261,1656.043685,-1.268782,146.489130,1922.478143,-0.930094
101_0844.JPG,177.401869,1892.530090,-0.263381,102.341121,1610.486440,-0.743809,98.294393,2303.805856,0.212881
101_0845.JPG,202.647368,1142.386177,-0.751997,122.694737,1951.085762,-0.684275,109.036842,2740.793380,-0.254480
101_0846.JPG,163.981250,1548.980898,-0.884376,106.006250,2012.406211,-0.544608,83.787500,1440.904844,-0.544169
101_0847.JPG,176.161290,1971.477211,-0.337213,118.535484,2958.571322,-0.123714,102.006452,3267.283829,0.437174
101_0848.JPG,162.234177,1910.470477,-0.284881,92.088608,1244.308604,-0.101270,79.183544,1707.592894,0.566129
101_0849.JPG,202.757709,770.465524,-0.638316,130.290749,2246.593879,-0.395852,110.563877,1570.880281,-0.373843
101_0850.JPG,188.524038,778.335961,-0.064576,107.192308,1313.193787,-0.482292,91.144231,1022.431121,-0.101263
101_0851.JPG,167.658065,1380.095983,-0.255874,86.625806,1265.240624,-0.709651,76.535484,957.642289,-0.330430
101_0852.JPG,211.497630,941.728667,-1.587775,147.526066,2880.249321,-1.141260,129.545024,2050.807215,-1.107239
101_0853.JPG,159.871921,1200.870295,0.018771,74.660099,1806.047029,0.004023,71.305419,1322.497852,0.117357
101_0854.JPG,154.033520,1402.501670,-0.302373,89.508380,1387.233170,-0.367303,79.189944,1170.064480,-0.333283
101_0855.JPG,127.177914,1276.440739,0.964052,55.263804,1166.427340,0.297353,50.251534,931.869246,0.691865
101_0856.JPG,172.702586,1098.579648,-0.372190,99.883621,1796.999387,-0.666483,67.758621,1199.303805,0.409942
101_0857.JPG,164.335165,1253.233818,0.674313,77.769231,1181.221471,-0.092537,55.642857,1253.306515,1.055595
101_0858.JPG,163.939560,1916.946897,-0.234033,87.390110,1641.446715,-0.305860,62.197802,1277.664171,0.286959
101_0859.JPG,159.539474,987.761600,-0.262854,93.532895,1404.156813,-0.174426,66.361842,699.099333,-0.176218
101_0860.JPG,141.169014,714.957350,-0.184401,89.809859,624.970889,-0.794514,67.535211,576.417774,-0.324397
101_0861.JPG,135.897727,664.216813,0.125228,63.994318,409.676104,-0.667847,46.198864,362.750226,0.164345
101_0862.JPG,97.329670,1882.693515,-0.489192,107.489011,2394.172956,-0.455817,108.719780,2312.311587,-0.462016
101_0863.JPG,80.178771,1200.649605,0.067211,75.715084,1203.779158,-0.002165,75.251397,930.992666,-0.176806
101_0864.JPG,93.497537,982.249994,0.103145,70.295567,555.971754,0.036800,63.871921,519.796404,0.171825
101_0865.JPG,196.050633,1491.934145,0.023835,166.329114,3595.676494,0.174363,183.955696,2421.118290,-0.152901
101_0866.JPG,140.971264,1406.476186,-0.071845,98.896552,1176.161712,-1.008408,100.344828,1416.938565,-0.018188
101_0868.JPG,217.941935,234.454693,-0.949634,185.954839,2024.868928,-1.026586,194.677419,1180.605619,-0.938471
101_0869.JPG,134.993976,247.849361,-0.182969,87.295181,790.569495,0.377253,99.259036,670.059406,0.388695
101_0870.JPG,189.212903,782.515963,0.391240,143.483871,3546.585224,0.241645,161.154839,2469.588928,0.279971
