101_0001.JPG,142.1975,675.2485,-0.3671,76.9475,1127.4047,0.7859,70.2300,657.5521,1.5167
101_0002.JPG,87.4175,139.4632,-0.9628,40.9675,164.8714,0.0749,32.2925,83.0019,-0.2788
101_0003.JPG,134.4225,394.2490,-1.0918,76.8200,902.7176,0.3029,76.3975,513.2445,-0.1401
101_0004.JPG,154.1550,958.5060,0.3348,87.1875,2907.9423,0.5430,78.8600,1324.9154,0.6811
101_0005.JPG,170.7500,879.5825,0.2269,91.4550,3362.9930,0.4034,82.2375,1444.6211,0.4993
101_0006.JPG,97.3325,453.6469,0.0117,42.7000,466.2750,0.7463,41.5000,285.1800,0.2383
101_0007.JPG,91.4200,161.5486,0.3506,48.7375,414.2736,0.6946,50.7700,209.1271,0.5896
101_0008.JPG,109.8225,509.4060,1.3545,75.2850,811.8988,1.4422,62.6425,584.6747,2.7334
101_0009.JPG,186.0675,153.9479,0.6534,87.1550,1120.1010,1.2096,76.9200,486.5836,4.2699
101_0010.JPG,181.8525,224.1007,-0.0081,100.7600,1586.9524,0.5900,94.1700,668.3961,0.8030
101_0011.JPG,99.0675,581.0379,2.5612,56.6475,797.0882,3.6594,46.7425,614.9762,5.9426
101_0012.JPG,101.8275,229.8177,0.0423,64.1325,487.1299,0.3998,59.8450,262.5360,0.1353
101_0013.JPG,125.6075,140.5284,0.7371,64.5000,679.0150,0.7114,63.4700,219.7291,1.1768
101_0014.JPG,140.3000,712.9650,-0.3158,95.7525,1166.5212,0.3249,85.4350,789.7608,0.1591
101_0015.JPG,131.3800,245.7056,-0.9190,85.6700,551.7461,0.9612,80.3425,333.3902,0.8813
101_0016.JPG,175.6575,280.1902,0.9808,96.2050,1820.3830,0.9913,93.5300,871.9941,1.3552
101_0017.JPG,150.3225,240.7785,-0.4354,93.5575,529.9017,-0.4089,86.9350,300.8658,-0.3899
101_0018.JPG,76.9675,146.3364,7.2764,46.6800,383.1076,2.8495,42.0150,283.6598,4.7510
101_0019.JPG,185.2275,142.3757,0.4386,105.9625,1267.4311,0.6598,108.3400,465.8094,0.4677
101_0020.JPG,146.2525,291.2787,-0.1790,83.4850,406.3948,0.4601,81.5775,178.4140,1.8092
101_0021.JPG,116.3050,195.0720,-0.5164,65.6225,372.6800,0.9203,64.0050,214.1300,1.5682
101_0022.JPG,165.9200,516.8736,0.7967,95.4900,2239.2999,0.6670,88.0575,1109.6192,1.0397
101_0023.JPG,111.4250,297.4294,1.0113,65.7100,554.7859,1.2016,62.5075,337.2649,2.0948
101_0024.JPG,136.2650,246.3498,-0.7874,87.9175,493.1007,-0.0745,76.3275,291.8052,0.0203
101_0025.JPG,183.5175,161.3047,0.9224,81.9825,1776.1172,0.9348,91.4625,735.4436,1.6315
101_0026.JPG,121.9625,284.4861,0.2314,73.3125,810.6998,0.2581,78.2850,461.7438,0.2554
101_0027.JPG,153.6125,2209.7773,-0.4505,125.3175,3990.3117,0.3090,129.7750,3597.4644,0.2611
101_0028.JPG,176.1175,817.9987,-1.1440,120.3100,1334.8339,-0.1402,107.9600,1061.2334,-0.1241
101_0029.JPG,145.8300,1399.3511,-0.9089,102.5075,1631.2649,-0.2718,95.6425,1075.9197,-0.3468
101_0030.JPG,157.7175,1584.6077,0.0421,131.1500,3772.2475,0.1091,129.6775,3271.3385,0.1622
101_0031.JPG,126.1200,1382.7806,0.4879,103.8300,2596.8161,0.5129,93.7625,2530.6961,0.8182
101_0032.JPG,151.7950,934.1580,0.0998,123.3525,2391.2582,0.5681,124.3975,2262.7045,0.5772
101_0033.JPG,148.7000,3225.7300,-0.1463,125.1725,4119.6577,0.3331,124.0925,3799.1289,0.2829
101_0034.JPG,111.9125,3033.7498,0.2599,106.1375,3340.5636,0.5024,107.1200,3195.2956,0.4268
101_0035.JPG,123.6175,2970.4912,0.1602,102.5400,3048.8934,0.5119,93.8675,2508.3999,0.6747
101_0036.JPG,110.7975,1466.7265,0.2426,84.4300,2323.3351,0.5909,84.5925,1902.3614,0.5132
101_0037.JPG,110.1475,1433.6207,0.4804,79.6500,2572.4375,0.8863,75.2075,1831.0044,0.8301
101_0038.JPG,137.1525,1475.8842,-0.1110,111.2750,2831.6744,0.2838,116.1450,2523.4190,0.1706
101_0039.JPG,140.0725,2387.1572,-0.3548,108.0775,3927.4565,0.2554,106.4225,3389.5990,0.1122
101_0040.JPG,94.0300,1567.8141,-0.0450,62.1925,1515.6404,1.2504,59.7300,1492.4771,1.4203
101_0041.JPG,118.1375,1329.1536,-0.3278,93.5825,2363.4532,0.3584,96.4425,2143.6917,0.2112
101_0042.JPG,162.6975,1982.9410,-0.8892,123.8575,4024.3522,-0.0554,127.8050,3496.9220,-0.1704
101_0043.JPG,130.1600,1927.2894,-0.2809,96.4250,3157.8894,0.3700,97.1050,2770.4190,0.4903
101_0044.JPG,130.8775,1045.2075,-0.4930,99.9000,2264.3500,0.0572,102.6250,1764.2444,-0.0958
101_0045.JPG,137.2600,864.3624,-0.2153,114.6900,2143.4239,-0.0059,110.6375,1919.9411,0.0970
101_0046.JPG,121.5725,676.6697,-1.4034,90.8050,810.3620,-0.1887,96.7750,781.6744,-0.3466
101_0047.JPG,169.4250,1311.8194,-0.6690,147.3500,3021.1675,-0.0925,156.4275,2649.9947,-0.2190
101_0048.JPG,156.7000,935.5500,0.2840,125.1725,2863.5177,0.3875,128.0575,2115.0742,0.3034
101_0049.JPG,118.3125,691.0548,0.1876,82.9475,1415.6547,0.9266,86.4100,826.2819,0.5327
101_0050.JPG,165.7775,751.1980,-0.1432,131.0775,1981.4665,0.3807,146.8275,1412.4077,-0.0471
101_0051.JPG,155.7150,1146.1638,-0.4487,123.1100,2649.6529,0.1166,129.0125,1946.8823,0.0038
101_0052.JPG,133.0825,669.2807,0.0782,104.9075,856.8039,0.3469,99.2525,1404.9487,0.3908
101_0053.JPG,150.7475,1477.3437,-0.5624,118.4700,2812.2641,0.1020,125.6425,2484.2497,-0.1985
101_0054.JPG,164.1050,1725.3490,0.1773,143.1525,3822.5042,0.1619,147.6750,2870.4794,0.2136
101_0055.JPG,155.9525,986.3552,-1.2930,111.9500,1940.6525,0.3027,117.1550,1545.0360,-0.4520
101_0056.JPG,125.4800,552.0046,-1.0285,92.5750,641.3494,-0.4903,86.3025,638.8560,-0.8501
101_0057.JPG,151.3150,1401.1208,-1.0147,116.6200,3005.3856,0.0773,128.2725,3030.6282,-0.3108
101_0058.JPG,154.9150,1879.0478,-0.1859,121.0425,4142.2307,0.2617,126.3375,3544.6286,0.1829
101_0059.JPG,116.1000,1601.7250,0.2997,88.5575,2057.4667,0.9764,85.6650,1837.2278,1.0043
101_0060.JPG,170.5750,1515.5194,-1.1313,139.9275,2995.9472,-0.2211,149.7100,2699.5159,-0.5830
101_0061.JPG,147.8100,862.8039,0.0026,108.6300,2465.7331,0.5707,114.4275,1839.6747,0.5854
101_0062.JPG,86.0625,635.7986,0.5444,60.4225,778.7240,1.3692,49.8325,521.5644,1.5929
101_0063.JPG,160.5725,1204.1947,-0.2341,140.3050,2404.1520,-0.0358,140.2400,1837.5774,-0.1520
101_0064.JPG,162.8650,931.9818,-1.0352,126.3700,2422.3581,-0.1591,128.4550,1608.0830,-0.4094
101_0065.JPG,137.0175,1174.3722,-0.0870,102.3500,2064.3775,0.4315,95.2700,1594.8921,0.0841
101_0066.JPG,175.9600,1276.8784,-0.7343,148.9950,2524.6200,-0.2108,147.4200,2140.3536,-0.0648
101_0067.JPG,150.6650,1803.5728,-0.5418,120.1400,3345.5754,0.2476,129.1000,3093.1550,0.0381
101_0068.JPG,113.3575,1453.3147,0.2518,79.2775,1485.8355,0.7441,74.7650,1148.3398,0.7098
101_0069.JPG,145.6225,2408.1850,-0.1968,116.0925,3663.7139,0.1837,117.7450,3548.5550,0.1684
101_0070.JPG,162.5550,1547.5820,-1.2772,113.9625,2854.0011,0.3151,126.6725,2179.2152,-0.2732
101_0071.JPG,124.8775,661.7125,-0.9718,77.6575,843.8302,0.0289,75.5350,515.1338,-1.0581
101_0072.JPG,166.8125,801.1273,-0.5008,132.4775,2253.0045,0.0744,143.1250,1700.3494,-0.3870
101_0073.JPG,145.7775,1609.1580,-0.2967,118.1175,3175.1587,0.5000,121.6850,2871.1108,0.3501
101_0074.JPG,115.2500,1150.9125,0.3734,75.8225,1028.1510,-0.1701,74.2775,1211.2105,0.3232
101_0075.JPG,153.7025,1438.8290,-1.0633,122.9150,2249.4778,-0.2603,128.3525,2044.9582,-0.6141
101_0076.JPG,135.4850,799.7748,0.7075,109.9425,1770.0092,0.4450,115.8725,1523.6762,0.3990
101_0077.JPG,83.8575,212.5872,0.1470,56.8500,310.7875,0.3113,54.8200,217.4076,0.3343
101_0078.JPG,152.8625,237.4786,-0.3310,118.3825,1265.1212,0.4766,135.0825,783.5707,0.4139
101_0079.JPG,148.7100,1722.7309,-0.7063,81.5850,2664.1078,0.3803,80.4375,1684.9761,0.1725
101_0080.JPG,153.9150,1441.8028,-0.8355,81.6450,1759.0390,0.2107,78.4450,1106.6820,-0.2214
101_0081.JPG,129.8250,1063.0844,0.0931,70.8100,666.3489,0.3706,65.6850,668.9208,0.2506
101_0082.JPG,122.0750,1169.9194,0.1341,58.8800,1233.0206,0.7759,56.5300,855.5291,0.4347
101_0083.JPG,192.5050,1138.1150,-0.4439,116.5550,3542.3770,-0.0338,109.9650,2383.7288,0.1163
101_0084.JPG,226.0600,645.1064,-1.0036,165.9875,4581.3673,-0.1671,151.1500,4275.7225,0.1260
101_0085.JPG,166.4575,1355.1182,0.2513,95.2525,3509.8387,0.4797,86.1825,2662.9442,0.6767
101_0086.JPG,139.6925,380.0779,-0.2049,91.1100,1363.1829,0.4852,72.3125,762.1698,0.4889
101_0087.JPG,144.6450,145.9140,-0.2188,87.7150,601.1188,0.3983,71.7000,365.4500,0.3220
101_0088.JPG,86.9150,226.4278,-0.3397,60.4800,302.1696,-0.2768,49.4350,147.0458,-0.2874
101_0089.JPG,148.5375,553.9486,-0.3478,100.5650,1395.4858,0.7156,80.9250,904.8094,0.6685
101_0090.JPG,88.9050,826.8460,-0.6511,55.6375,860.1061,0.0362,41.5550,522.0220,0.1167
101_0091.JPG,122.8450,239.3160,-0.9203,76.5000,645.7700,0.2287,60.8775,363.5825,0.2978
101_0092.JPG,159.1175,2458.1287,-0.5917,99.9700,3179.9641,0.2826,74.4875,2146.5848,0.3709
101_0093.JPG,199.3725,787.4087,-0.9585,155.4950,2974.9100,-0.6049,126.7100,2397.3259,-0.2655
101_0094.JPG,120.6950,3349.8470,-0.1776,76.1875,2837.3673,0.0538,62.3275,2299.2102,0.2107
101_0095.JPG,132.6825,3113.0267,-0.3579,78.5275,3111.8042,0.2833,56.8750,1851.5144,0.3431
101_0096.JPG,175.8775,1823.2975,-1.1585,119.7400,4111.7474,-0.1258,98.2950,3152.5780,0.0021
101_0097.JPG,89.7225,838.1605,0.7330,45.0475,658.8152,1.3401,39.4700,580.8441,1.9154
101_0098.JPG,127.4800,2794.4696,-0.2608,74.9625,2941.3311,0.4103,52.6125,1616.3773,0.4387
101_0099.JPG,68.1800,332.9476,2.1438,32.5700,321.1801,3.7836,18.8925,227.2259,6.9425
101_0100.JPG,177.9075,587.5489,-0.8344,119.9800,2766.5496,-0.0401,97.6775,2063.7585,0.2157
101_0101.JPG,130.0775,2702.2065,-0.3545,67.9725,3121.0817,0.9755,54.5800,2242.7286,1.0259
101_0102.JPG,114.8250,1039.1194,0.7945,63.4300,1275.0901,0.9926,38.8050,1068.6720,1.5647
101_0103.JPG,164.1000,1087.7600,-1.2992,111.1250,2952.8194,-0.1659,94.3225,2617.5885,0.0859
101_0104.JPG,137.5475,361.2777,-2.8164,75.1000,767.2100,0.0794,61.8275,496.2327,-0.2891
101_0105.JPG,163.7825,238.9452,-0.6907,92.6225,636.7800,0.2328,64.0475,633.1702,0.5557
101_0106.JPG,182.6075,361.0234,-1.8429,111.5500,1612.7975,-0.3479,79.0025,985.7625,1.0168
101_0107.JPG,122.2550,2738.4100,0.0157,111.5100,3124.8699,0.4824,113.4550,3097.7880,0.4351
101_0108.JPG,164.4725,2768.2892,-0.3691,140.6225,4488.4600,-0.0335,147.0300,4479.6941,-0.1301
101_0109.JPG,120.3575,1718.6497,-0.4769,112.0275,2598.6017,-0.0489,125.1975,2767.4635,-0.3362
101_0110.JPG,152.3350,3289.8878,-0.3116,139.5250,5357.8294,-0.1781,145.5575,4720.4317,-0.2116
101_0111.JPG,99.5375,1635.8286,0.5670,85.8800,2173.8206,0.9991,80.6850,1845.3808,1.1031
101_0112.JPG,169.7650,453.6198,0.2103,129.3300,2443.8061,0.2293,126.0650,1537.1108,0.2814
101_0113.JPG,183.8200,1215.9526,-0.2703,149.9075,2820.5939,0.4455,157.7000,2562.1550,0.1414
101_0114.JPG,194.5775,1342.8390,-0.8348,159.9250,2659.0644,-0.1990,152.3850,3039.1868,-0.0844
101_0115.JPG,188.2175,981.6902,-1.5128,171.6825,2095.5217,-0.5833,175.4150,1787.0128,-1.0121
101_0116.JPG,164.7625,2731.3461,-0.3336,132.7275,4501.0582,0.0416,134.8100,4592.4439,0.0464
101_0117.JPG,140.7400,2437.5574,-0.4578,96.6050,1891.4590,-0.4447,93.3925,2414.0734,0.1537
101_0118.JPG,147.3725,2104.2637,-0.9106,103.8575,2070.9522,-0.5249,99.5150,1678.3248,-0.6775
101_0119.JPG,123.6650,1365.4478,0.1288,84.4600,3317.7184,0.6356,93.8075,2929.9704,0.5478
101_0120.JPG,190.6250,1120.5844,-1.0271,145.1325,3194.5349,-0.4032,112.8950,2669.2240,-0.0752
101_0121.JPG,68.5125,275.9648,0.5381,32.1700,209.9811,0.8154,17.9300,107.9601,1.6008
101_0122.JPG,164.7025,1110.6040,-1.2390,111.3950,2773.1840,-0.2086,93.2025,2405.4065,0.1148
101_0123.JPG,100.3350,457.3178,-0.4101,78.3850,802.9668,0.2697,73.4150,722.3578,0.0902
101_0124.JPG,97.9250,567.0944,-0.0060,73.4525,450.5577,-0.2240,70.9525,665.5102,-0.0384
101_0125.JPG,143.5275,849.0642,-0.7121,112.2325,1860.9334,0.1732,124.4700,1994.9541,0.0478
101_0126.JPG,114.5550,684.6620,0.2078,78.4775,1478.9545,1.1993,84.5300,1241.6441,0.9465
101_0127.JPG,140.8000,868.0700,0.3119,112.7275,1201.8782,0.0851,113.6725,1556.7902,0.6806
101_0128.JPG,144.1175,720.4837,-0.0537,106.9800,1053.4046,0.3432,116.8350,1162.4678,0.1803
101_0129.JPG,166.9225,878.4315,0.2014,129.1275,3211.1812,0.4838,134.5900,2637.8969,0.4719
101_0130.JPG,129.7875,559.5823,-0.1339,99.8575,1098.9122,0.0758,97.5025,1196.6900,0.1588
101_0131.JPG,139.5175,832.7797,-0.4956,107.9600,2068.8684,0.3712,115.7250,2115.7894,0.2016
101_0132.JPG,162.4450,1252.9020,0.7157,122.1250,3703.1644,0.7311,131.9925,2736.7174,0.8163
101_0133.JPG,96.3625,365.3611,-1.0413,64.9500,550.2575,-0.0082,60.7325,441.4709,-0.0517
101_0134.JPG,136.4750,316.5994,-0.3339,90.5975,677.6255,0.6735,99.3900,491.8279,0.6057
101_0135.JPG,143.3775,1273.7850,0.2392,111.5250,2935.0944,0.6396,120.3100,2103.3089,0.3374
101_0136.JPG,83.8250,371.8544,-0.7315,56.8600,447.4704,0.1477,45.9725,214.2817,-0.5386
101_0137.JPG,165.2525,867.6287,-0.8917,141.0250,1727.1844,-0.3396,151.4925,1536.2149,-0.6588
101_0138.JPG,180.4525,1578.3877,-0.7353,135.6650,4453.5728,0.0929,144.7175,3406.0177,-0.0336
101_0139.JPG,125.5725,1063.0197,-0.4960,100.2425,1997.8387,0.2057,89.0075,1589.5874,0.6840
101_0140.JPG,123.2875,1141.7048,-0.3250,101.9550,2232.0930,0.1702,98.0750,1954.1094,0.1745
101_0141.JPG,149.7825,892.5652,-1.1261,112.9625,1754.1361,-0.1431,117.0450,1365.9230,-0.3027
101_0142.JPG,153.5325,1423.9489,0.1056,128.9575,4317.7557,0.3801,133.2225,3591.5530,0.3823
101_0143.JPG,173.1375,1047.0786,0.2228,143.5375,4029.6686,0.3747,154.1350,2875.1168,0.3300
101_0144.JPG,88.4175,765.1682,-0.0351,60.5225,647.4545,0.1108,56.5375,911.2736,0.1256
101_0145.JPG,112.9025,618.2030,-0.9369,73.1000,897.4850,0.2028,75.2000,648.0150,0.0362
101_0146.JPG,150.2275,1913.3107,-0.7526,124.1425,3565.8872,-0.0328,137.5675,2997.0754,-0.4510
101_0147.JPG,144.3300,1442.7811,-0.5390,109.8525,1334.0057,-0.0465,111.4225,1281.4740,-0.2731
101_0148.JPG,141.6375,1743.8511,0.0483,109.4700,2446.6541,0.2564,115.4750,2415.7994,0.3766
101_0149.JPG,142.2425,1325.0337,-0.6770,101.9375,1875.3986,0.2562,100.2850,1750.0038,0.0523
101_0150.JPG,125.0600,1650.8014,-0.4405,84.1825,1481.7092,-0.2080,84.6725,1670.4352,-0.3827
101_0151.JPG,130.7225,757.3455,0.4620,102.9150,1057.5378,0.4185,104.3475,1130.4167,0.6332
101_0152.JPG,142.4625,1142.5736,-0.2246,92.0225,952.2520,0.3245,106.4300,1207.1251,-0.0043
101_0153.JPG,151.2100,1650.5509,-0.7111,98.8900,1338.9129,-0.5950,95.2400,1939.2374,-0.6180
101_0154.JPG,155.4425,718.0367,0.7071,107.3925,701.5134,0.2348,111.4075,1000.9364,0.8032
101_0155.JPG,144.3775,1926.0600,-0.0141,118.0125,2103.7073,0.2564,123.3700,2291.8031,0.3346
101_0156.JPG,129.4900,1191.7149,-0.6314,101.8500,907.2175,-0.3624,92.1950,711.9020,-0.2312
101_0157.JPG,106.6925,699.7179,0.4879,95.6775,845.5235,0.7704,95.0725,754.9372,0.7617
101_0158.JPG,149.0600,1021.7214,-0.8662,94.6300,3535.6181,0.2147,100.7425,2327.9662,0.1730
101_0159.JPG,160.3100,1078.6389,-0.8638,105.2075,2635.0444,0.0406,118.1225,2044.0425,-0.1598
101_0160.JPG,120.8625,322.1536,0.4095,98.9325,1152.0979,0.5396,94.5575,686.6467,0.7949
101_0161.JPG,108.7150,285.6338,0.3984,90.8850,917.6868,0.6722,90.3875,581.7373,0.8670
101_0162.JPG,94.3500,157.7125,0.3390,72.9675,428.1464,0.4092,60.2025,231.6065,0.6499
101_0163.JPG,104.7925,87.0994,-0.5846,77.0450,490.8980,0.2552,73.2100,312.4259,0.3635
101_0164.JPG,134.5925,2628.4064,0.2862,101.0200,2160.1396,0.4245,123.4150,3176.3128,0.3971
101_0165.JPG,128.1225,1920.5175,1.4284,94.8900,2670.9179,1.5452,94.6675,2949.6819,1.6008
101_0166.JPG,158.5475,1301.7777,-0.1233,127.7050,1678.1230,-0.1297,142.0325,2030.9714,-0.2350
101_0167.JPG,147.4750,1592.8944,-0.7351,107.6800,2879.1626,0.5428,109.6850,2315.2658,0.4217
101_0168.JPG,65.3000,118.8400,-0.0376,46.9025,95.2030,-0.1197,38.2000,78.1850,1.1948
101_0169.JPG,189.2050,1270.0330,-1.1089,149.3600,2824.1954,0.0792,153.8300,2475.4061,-0.6120
101_0170.JPG,180.8750,3070.4294,-1.5718,131.3125,2801.4798,-0.5787,120.9850,2897.7948,-0.4071
101_0171.JPG,194.1150,605.0168,0.0678,154.1675,1462.4344,0.2618,146.1925,1619.1304,-0.0464
101_0172.JPG,156.2750,2156.4144,-0.2055,127.4925,4309.2549,0.1947,130.6325,3401.2774,0.1855
101_0173.JPG,127.9525,1126.9952,-0.8040,90.4825,1553.9997,0.1674,81.3900,1073.4979,-0.4327
101_0174.JPG,139.1425,1106.7722,-0.1195,107.9825,2732.7422,0.2522,105.3525,1885.6982,0.3413
101_0175.JPG,131.5350,1751.4388,0.4576,86.5950,3895.8960,0.7654,84.0775,2658.8965,0.8866
101_0176.JPG,95.8150,771.4708,-0.3915,50.0650,608.5508,0.9375,46.0550,416.1420,0.3009
101_0177.JPG,170.7900,1852.0309,-0.4673,130.5400,4585.7084,0.1609,135.3525,3621.3732,0.0915
101_0178.JPG,93.5075,332.5999,-0.8272,48.2925,494.5869,1.0219,46.4000,338.9150,0.4933
101_0179.JPG,179.5400,506.8784,-0.5369,139.8750,2162.1044,0.0160,150.5800,1296.4886,-0.2104
101_0180.JPG,166.4400,943.9164,-0.7881,122.0400,2938.3134,0.0102,119.6675,1613.4169,-0.1454
101_0181.JPG,142.1375,862.1786,0.1308,99.4525,2425.3977,0.5728,102.3375,1377.1936,0.4836
101_0182.JPG,117.6800,678.8076,-0.0229,82.8700,1058.2781,0.5234,84.0500,956.1725,0.4062
101_0183.JPG,120.2650,798.5548,0.0532,91.1950,1247.0570,0.3643,90.5100,1073.9999,0.1430
101_0184.JPG,140.3500,416.3275,-0.3225,106.6900,1053.9589,0.3733,113.3700,806.7431,0.1536
101_0185.JPG,190.3350,1869.1878,-1.0648,147.2000,5439.4350,-0.1797,162.1100,3926.5079,-0.5174
101_0186.JPG,142.2350,1704.8448,-0.4427,106.4150,3556.3128,0.0656,103.7475,2498.1887,0.1675
101_0187.JPG,175.2200,1782.2316,-0.9258,127.0975,4380.3930,0.1023,138.1275,3100.0312,-0.2020
101_0188.JPG,96.7600,2936.5024,0.5689,83.6350,2719.2618,1.2130,85.0050,2649.0400,1.0078
101_0189.JPG,69.3300,708.1961,0.4105,60.9300,737.6351,1.5074,59.9025,775.1730,1.5604
101_0190.JPG,107.9400,2937.2164,-0.1036,84.8900,2454.5379,0.8949,84.8275,2264.6777,0.8071
101_0191.JPG,100.4825,946.4147,1.1358,68.4350,1589.6858,1.9080,69.9550,1670.9480,1.6971
101_0192.JPG,86.6650,1576.2678,1.6626,65.1400,1616.4454,1.7983,52.4700,505.7191,0.9318
101_0193.JPG,163.2300,2380.0721,-1.5710,104.6775,2221.5185,0.5183,105.3925,2514.2584,0.0911
101_0194.JPG,123.7225,1084.4755,0.1360,86.2775,1529.8255,0.1541,88.6250,1228.1944,0.2271
101_0195.JPG,142.6125,1359.3973,0.0309,100.7125,3508.4098,0.3358,101.0825,3021.1257,0.3378
101_0196.JPG,106.6675,609.0169,1.6172,101.1500,1493.7875,1.0638,101.5025,1460.3050,1.4660
101_0197.JPG,110.7800,1155.6566,-0.2401,91.2500,2424.0675,0.2681,89.7025,2125.1390,0.2897
101_0198.JPG,106.4400,830.5464,-0.8781,87.6300,1129.8431,0.2413,92.3825,1290.6912,0.2731
101_0199.JPG,107.5850,633.5578,0.2574,82.8750,929.5594,0.6151,80.9500,1048.8625,0.7239
101_0200.JPG,136.2000,1112.6850,-1.8907,96.1950,1189.0970,-0.0840,98.6650,1089.5128,-0.2439
101_0201.JPG,132.2050,2952.4830,-1.4347,97.2050,1946.7380,-0.5561,97.6625,1796.3186,-0.6624
101_0202.JPG,193.1325,1304.1649,-1.6072,160.8625,2724.2086,-1.0413,155.7975,1971.6315,-0.8789
101_0203.JPG,139.1175,2876.1237,-0.7678,106.5575,2586.9967,-0.2758,96.8325,2245.8844,-0.2193
101_0204.JPG,111.1475,2664.7507,-0.0894,86.8325,2262.4094,0.4332,84.0825,2142.5357,0.4593
101_0205.JPG,151.4425,3037.6667,-0.6233,119.7200,3013.1366,0.3993,118.1525,3040.6492,0.3730
101_0206.JPG,162.8850,3511.1868,-1.4918,123.2300,2970.9871,-0.4269,112.8750,2497.3794,-0.1472
101_0207.JPG,118.5175,4554.9397,-0.2584,82.6950,2869.0070,0.5745,80.0450,2431.1230,0.5265
101_0208.JPG,185.3275,1472.6052,-1.8561,139.5625,2546.5511,-0.6448,134.6125,2170.2623,-0.3988
101_0209.JPG,135.9675,1778.2864,-0.4905,86.4200,1824.5886,-0.1326,87.3475,1530.1517,-0.1393
101_0210.JPG,129.3025,2288.0160,-1.1127,92.4725,1417.7342,-0.6097,79.0400,1022.7634,-0.6239
101_0211.JPG,159.2425,1520.2537,-0.8342,112.0525,1905.2447,0.5302,111.9200,1715.8136,0.4104
101_0212.JPG,180.7850,1200.5188,-1.6815,140.7200,1283.5066,-0.6608,132.0775,1323.4215,-0.4297
101_0213.JPG,140.7300,1305.2521,-0.9832,105.6925,1179.5429,-0.4395,102.0775,1313.1465,-0.2807
101_0214.JPG,131.4725,2023.3342,-0.1863,99.8950,1957.3140,-0.0833,90.0875,2146.2448,0.1452
101_0215.JPG,115.8725,2511.3162,-0.5906,82.9575,1395.6657,-0.4453,79.8750,1359.2894,-0.4338
101_0216.JPG,147.6250,2423.2444,-0.7078,124.6475,2720.3832,-0.3024,124.9925,3326.7824,-0.1713
101_0217.JPG,140.7300,2435.4571,-0.3752,117.3650,2897.3018,-0.0681,112.9675,3292.3364,-0.0987
101_0218.JPG,113.2125,422.3823,0.1621,74.8925,301.6409,0.0956,58.5525,216.1422,0.1263
101_0219.JPG,150.6675,1746.8669,-0.6395,118.8850,1966.1418,0.0770,118.9975,2110.9475,-0.1463
101_0220.JPG,157.4750,2107.0244,-1.4925,116.8050,2487.3770,0.0504,114.0800,2306.1436,-0.1263
101_0221.JPG,136.6150,2649.9068,-1.0789,106.9300,2807.0851,0.3203,107.1350,2765.6918,0.2259
101_0222.JPG,169.7675,2072.3834,-0.9028,159.2325,2532.1534,-0.5694,157.7200,2482.3416,-0.5140
101_0223.JPG,122.9525,4663.5952,-0.4579,109.1050,3710.3990,0.1434,111.4925,2521.8949,0.6295
101_0224.JPG,128.3750,1542.6344,-0.5799,119.7400,1565.3474,-0.5392,115.3725,1371.0387,-0.4250
101_0225.JPG,102.6425,2102.7497,-0.3978,53.6750,864.0994,0.4999,45.1600,657.5494,0.5935
101_0226.JPG,114.6650,1806.3478,-0.5127,65.0550,757.2120,0.0539,57.0100,546.9049,0.1221
101_0227.JPG,110.2050,3120.3430,-0.5709,61.0175,1114.5072,0.5858,57.9025,848.8480,0.4918
101_0228.JPG,120.3400,996.4594,-0.2983,67.7800,716.7766,0.5961,61.0850,622.8978,0.4963
101_0229.JPG,115.1700,895.8561,-1.0685,65.1250,635.4444,-0.5979,58.9950,471.5300,-0.7856
101_0230.JPG,128.2925,1758.8619,-0.9630,73.2625,1066.6336,0.6791,71.5000,884.5400,0.3068
101_0231.JPG,105.2875,1930.2948,-0.2353,62.3300,1600.1311,0.9780,53.1275,1137.8812,0.9941
101_0232.JPG,120.1375,767.8586,-0.7270,67.3325,485.0569,-0.3083,56.3525,388.7232,-0.8317
101_0233.JPG,125.8625,1617.0636,-1.2206,78.2700,1144.4771,1.2346,69.8450,959.7860,1.6383
101_0234.JPG,105.7325,1658.6459,0.5221,51.7800,1034.1166,1.3792,46.5050,882.9100,1.0980
101_0235.JPG,100.6250,507.6594,-0.1857,58.2175,425.3902,0.6927,46.8500,307.5825,1.1915
101_0236.JPG,104.0950,2225.3010,-0.5739,59.6850,1332.1158,1.1495,54.1700,904.7311,0.8759
101_0237.JPG,95.5900,2804.5769,0.2584,57.3875,2040.4373,1.3453,53.7525,1726.2662,1.2089
101_0238.JPG,113.6675,2285.9969,-0.2252,67.5150,1478.0398,1.1477,64.9475,1257.7497,0.8621
101_0239.JPG,74.9450,1407.3720,-0.3092,40.1000,448.7250,0.2911,34.7000,375.6150,0.2383
101_0240.JPG,114.1975,1790.5235,0.3961,70.2275,1635.5607,1.5761,62.2700,1081.1921,1.2174
101_0241.JPG,112.6500,699.8875,-0.0993,65.0000,682.5200,0.9469,56.1975,339.4535,0.1835
101_0242.JPG,137.5100,1791.8749,-0.7094,82.0075,1661.5574,1.0195,77.4175,1094.9532,0.4799
101_0243.JPG,120.0275,764.2317,0.1193,69.9300,630.0101,1.4625,57.5900,531.6519,1.2187
101_0244.JPG,126.3200,1345.7026,-1.4683,79.0700,931.3301,-0.4435,69.0100,632.5799,-0.6290
101_0245.JPG,101.5650,1137.3708,-1.0031,65.6000,649.1850,-1.0488,60.4850,463.1398,-1.1796
101_0246.JPG,169.4475,1179.0922,-0.9978,151.6275,1886.2587,-0.5911,151.7275,1931.5382,-0.8532
101_0247.JPG,127.3075,931.3429,-1.3339,109.8600,1029.8854,-1.2429,108.5250,979.5594,-1.1832
101_0248.JPG,149.6625,1419.8886,-0.8281,125.9000,2038.2100,-0.1042,125.8450,1947.4960,-0.3324
101_0249.JPG,161.2575,1334.2962,-0.4007,131.7025,1771.2140,0.4504,129.4950,2004.3850,0.3396
101_0250.JPG,102.1775,1695.9910,-0.3927,83.4350,1233.9008,-0.4186,75.1850,1085.7508,-0.2570
101_0251.JPG,122.8175,1824.3142,-0.6830,97.5125,1758.7398,-0.0418,96.7150,1848.9438,-0.1104
101_0252.JPG,136.0850,3829.5928,-0.6354,111.9400,3682.3064,-0.1410,110.1050,3557.6890,-0.1679
101_0253.JPG,146.2375,5227.0261,-0.7869,110.5575,3837.9167,-0.4260,106.2250,3586.2544,-0.3065
101_0254.JPG,138.8500,5743.6225,-0.1180,109.8150,4520.1308,0.3071,108.6050,4011.9340,0.2209
101_0255.JPG,144.8275,1966.9427,-1.5495,109.8350,1863.9328,-1.0571,108.1850,1749.2358,-1.0711
101_0256.JPG,116.7200,1612.6466,-0.9206,85.3400,978.9294,-0.4464,83.5000,1068.2650,-0.3007
101_0257.JPG,147.8600,1165.9954,-1.3373,122.8375,2185.7161,-0.2413,125.7375,2460.2136,-0.1104
101_0258.JPG,157.3200,1469.5726,-0.8163,128.0825,2092.2807,0.7025,126.0700,2192.8301,0.8943
101_0259.JPG,93.6300,725.1181,1.8222,64.5100,839.4949,2.9027,54.0925,966.0239,3.8499
101_0260.JPG,94.2975,1808.5090,-0.3716,67.6300,986.4131,-0.1563,61.8225,932.1360,0.0044
101_0261.JPG,74.7950,1565.0230,0.2791,56.1675,1525.9594,1.8475,54.9300,1942.4501,2.2587
101_0262.JPG,141.3550,2732.2740,-0.3204,108.6950,2249.7220,0.8643,102.8600,2114.2304,1.1199
101_0263.JPG,137.6125,4121.7623,-0.3063,109.0000,2937.4750,0.0900,108.2775,2980.6705,0.1734
101_0264.JPG,138.3075,2173.8029,-0.6456,98.9750,2415.2394,1.0038,91.6275,2063.3237,0.9931
101_0265.JPG,118.0275,694.7117,-0.4269,83.6400,837.3804,1.1090,81.3125,1590.1648,2.3577
101_0266.JPG,126.5300,2385.2991,-0.4012,93.1525,1859.7942,0.6306,89.0225,1772.5570,0.5275
101_0267.JPG,116.4350,1655.2258,-0.3416,82.8100,1103.3539,0.6956,78.0600,989.5164,0.7332
101_0268.JPG,83.4525,1107.4877,0.3352,68.1525,714.8242,0.4088,65.1450,771.5940,0.7648
101_0269.JPG,100.6725,2642.7202,-0.1752,76.7375,2082.4936,0.1108,75.1125,1822.6648,0.2305
101_0270.JPG,124.7300,3646.5821,-0.6350,95.7825,3199.5752,0.1704,85.7300,2247.0371,0.1858
101_0271.JPG,110.0600,1235.9514,0.0702,95.6475,1185.7682,0.1060,80.9975,1079.5775,0.7465
101_0272.JPG,138.3325,4177.9969,-0.6004,121.4250,4078.8194,-0.0568,115.9225,3581.3715,0.0742
101_0273.JPG,127.3950,1900.2890,-1.8630,87.3700,1198.2531,-1.2045,73.4800,717.3796,-1.2802
101_0274.JPG,165.9250,1725.0094,-0.6727,163.9425,2475.5842,-0.5924,164.2525,2655.3337,-0.6171
101_0275.JPG,130.8075,958.6054,-2.4434,102.7700,475.3471,-2.1278,98.0200,353.2696,-2.1377
101_0276.JPG,140.6850,212.7408,0.1932,113.8525,773.5307,0.7076,121.2975,496.1640,0.6816
101_0277.JPG,140.0675,1364.4829,-0.7337,120.1625,1293.8261,-0.0624,120.1725,1586.8377,0.0156
101_0278.JPG,157.7025,1971.5190,-0.9461,128.2000,3197.4550,0.2136,132.2300,3209.0221,0.2627
101_0279.JPG,118.3675,1362.1974,-0.0002,85.2150,1162.4188,1.0870,76.9800,812.5096,0.9124
101_0280.JPG,170.7125,3311.6598,-1.3707,151.6575,3603.2052,-0.2689,157.5100,3484.6299,-0.1339
101_0281.JPG,112.4900,1561.0199,-0.4182,81.7025,1059.4090,-0.6070,71.8200,829.9176,-0.6396
101_0282.JPG,150.4625,1316.9186,0.7375,120.0000,1864.0950,1.3830,107.5450,1908.0680,1.7194
101_0283.JPG,126.2050,2902.2380,-1.1034,99.5000,1803.8850,-0.8333,98.1425,1745.7722,-0.4239
101_0284.JPG,169.5450,4896.8780,0.0875,149.9625,7903.9911,0.0874,136.6100,10161.7629,0.0471
101_0285.JPG,126.3600,2128.4854,-1.5719,79.9175,931.9407,-1.3690,67.6125,649.4973,-1.0475
101_0286.JPG,159.3300,3506.2011,-1.1441,126.3800,3044.7156,-0.1267,118.8225,3221.4310,0.1342
101_0287.JPG,174.5225,1311.4345,-1.6148,152.8900,1656.2979,-0.6037,156.4550,1781.3080,-0.7642
101_0288.JPG,105.1725,1051.3127,-0.8807,70.7600,885.4674,0.5420,59.7075,584.3169,0.8030
101_0289.JPG,119.3900,614.7179,0.4945,97.2625,910.3136,1.4882,87.7400,1080.6274,1.5857
101_0290.JPG,176.7950,1495.5380,-2.8408,175.4650,2779.2388,-1.8982,184.1025,3290.3370,-1.8250
101_0291.JPG,112.0550,327.9570,-1.6689,73.5825,430.6482,-0.6080,64.2175,213.7152,-0.0244
101_0292.JPG,180.5025,1188.9250,-0.2800,154.4775,1985.3595,0.8750,145.7150,2478.3338,0.9365
101_0293.JPG,135.4275,1800.2747,-0.8753,95.5425,2497.0582,0.6706,92.2825,2402.4527,1.0401
101_0294.JPG,155.4825,1249.5497,-1.0307,109.7950,1789.1630,-0.1097,98.4000,1531.0200,0.5759
101_0295.JPG,123.3200,1190.1476,1.3581,104.6350,2015.4468,1.6187,95.2200,2849.0316,1.4571
101_0296.JPG,131.9100,773.2919,-0.7701,101.6775,706.1785,-0.1386,90.6325,819.7474,0.5336
101_0297.JPG,123.0000,1757.2200,-1.1853,90.8325,1377.6744,-0.5238,89.9725,1975.1767,0.4879
101_0298.JPG,108.9200,2610.8786,0.7698,96.2775,3010.3555,1.0635,93.1475,4035.9257,1.3007
101_0299.JPG,131.3475,554.2117,-0.2286,96.9875,155.9523,-0.0506,85.9525,172.6152,0.4188
101_0300.JPG,127.5375,1286.0336,-0.1844,90.0875,1474.9598,0.2505,84.0775,1197.1665,0.2480
101_0301.JPG,184.6425,1069.2297,-0.4705,177.6975,1335.9610,-0.3591,167.5975,1749.4905,-0.3690
101_0302.JPG,148.3625,1795.5461,-1.5011,111.5700,1990.1051,-0.5848,109.9900,1665.6149,-0.6552
101_0303.JPG,101.6275,1511.5637,0.4168,69.6275,1066.0587,0.4552,65.0950,705.7760,0.4764
101_0304.JPG,172.9650,2385.0338,-1.1689,138.5925,2533.6564,-0.4704,133.8150,2519.9608,-0.2849
101_0305.JPG,130.2925,1099.0169,1.3477,107.5925,1082.3564,1.4593,94.7875,1469.8423,1.5813
101_0306.JPG,118.8475,1087.6342,0.0272,81.3400,865.1844,0.0025,74.2225,603.6080,0.1674
101_0307.JPG,157.0300,2114.1041,-0.9300,112.7575,1704.2837,-0.3567,112.7325,1748.2609,-0.2960
101_0308.JPG,131.6375,1285.5361,-0.0055,104.6525,1108.5417,0.2457,93.1650,1258.8028,0.8189
101_0309.JPG,114.6875,3105.2848,0.1948,90.3125,2889.3898,0.5759,85.8500,2257.0525,0.9341
101_0310.JPG,170.7550,3298.8800,-0.2985,148.7400,4108.4774,0.1440,141.3600,4592.6654,0.1972
101_0311.JPG,110.6800,4491.6676,0.5134,93.2075,4305.1894,0.8304,89.6125,4099.8923,1.0171
101_0312.JPG,89.3550,1587.2590,1.3077,65.3225,1122.2735,1.1213,61.9450,823.6820,1.2944
101_0313.JPG,144.9925,1801.8524,0.2752,127.5925,1884.1364,0.3296,111.7850,1792.1588,0.3750
101_0314.JPG,169.1425,2102.0672,-1.6582,157.6150,3182.7468,-1.3849,150.4675,3123.1289,-1.1812
101_0315.JPG,108.0050,1910.5950,-0.5088,73.3075,982.8979,-0.3847,68.0050,885.4800,-0.1940
101_0316.JPG,160.1875,1833.3223,-0.7264,143.6825,1763.8267,-0.5805,131.3500,2247.3725,-0.2905
101_0317.JPG,152.0100,1786.0099,-1.6577,124.6550,1613.9460,-1.0504,120.4100,1574.6769,-0.9397
101_0318.JPG,170.5900,2187.2769,-1.4410,141.6275,3649.6887,-0.5561,142.6900,2920.1839,-0.5483
101_0319.JPG,164.5975,2138.0655,-0.7158,125.0875,2330.3798,-0.3604,128.0925,2436.0089,-0.3548
101_0320.JPG,161.6350,2441.6568,-0.5959,131.5950,3300.1060,-0.2542,134.1350,3565.1218,-0.3418
101_0321.JPG,131.7000,1338.2350,0.7727,107.5300,1874.2391,1.4034,105.2750,1896.2644,1.2672
101_0322.JPG,119.1675,1545.9344,-0.3986,84.6100,1617.5579,0.9952,72.8125,1452.1323,1.1212
101_0323.JPG,133.8425,2812.6877,-0.9280,109.6725,2490.1402,-0.0145,113.5950,2473.7660,-0.1613
101_0324.JPG,126.6725,1509.9702,0.1096,110.8150,3464.6308,0.4796,114.7325,3001.9509,0.4403
101_0325.JPG,111.9950,704.9550,-0.4760,77.8350,873.6778,-0.0289,62.7475,537.6937,-0.0850
101_0326.JPG,140.8100,977.4789,-0.3838,100.6825,1924.0567,0.2775,102.1500,1570.3725,0.0986
101_0327.JPG,131.7850,3686.1188,0.3880,95.0000,4238.5050,1.0600,91.5275,4215.8442,0.9415
101_0328.JPG,131.6125,1202.7673,-0.7884,78.8450,580.3110,-0.2797,71.0925,579.5139,-0.3471
101_0329.JPG,131.3175,1820.4717,-0.2765,87.2750,1663.1694,1.0004,84.3925,1632.7684,0.8838
101_0330.JPG,133.9600,2088.4434,-0.5794,89.3200,1820.7976,0.6797,86.5150,1590.6798,0.3847
101_0331.JPG,138.2975,2490.6190,-0.8201,96.8000,1614.3850,0.3062,88.8975,1287.5220,0.1436
101_0332.JPG,118.7250,3428.5694,0.1023,82.5850,1556.9678,0.1458,77.6625,1468.9686,0.1977
101_0333.JPG,116.2350,2128.9998,0.1238,81.2850,2224.4788,0.9987,78.0125,2162.5773,0.6725
101_0334.JPG,129.9375,1067.3536,-0.8558,94.8150,723.3458,-0.4797,85.1250,823.4494,-0.5761
101_0335.JPG,117.0200,2087.4996,0.4227,89.1825,2447.7292,1.1841,87.2575,2617.1012,0.9732
101_0336.JPG,105.5300,2541.0991,0.3813,84.1900,2660.0339,0.9105,81.1400,2657.1604,0.8518
101_0337.JPG,90.7000,975.5800,0.4623,62.5875,636.6173,0.8591,52.8850,603.7418,1.2113
101_0338.JPG,114.1975,2317.4635,0.0480,85.4350,2307.2358,1.1384,78.5125,1844.3648,1.3188
101_0339.JPG,102.8000,2028.1950,0.3336,72.6325,2042.1024,1.2015,68.6000,1785.8750,1.1947
101_0340.JPG,111.5000,633.8300,-0.4979,77.7200,434.4516,-0.4961,66.7825,436.1602,-0.1754
101_0341.JPG,109.1175,1804.7037,0.0742,72.7675,1980.3734,1.1324,71.7650,1799.5948,1.3726
101_0342.JPG,81.5925,237.8564,-0.2165,64.2100,654.8609,0.8781,78.5200,581.5396,0.9950
101_0343.JPG,192.4475,485.6722,-0.3987,118.1125,1622.9598,0.5583,103.3500,1517.3975,0.6185
101_0344.JPG,155.3875,1021.0723,0.2226,139.9050,1724.3710,0.2607,146.2050,2349.2130,-0.0834
101_0345.JPG,69.4825,808.8897,1.5441,56.5950,1330.0710,1.9459,57.9700,1067.6991,2.1844
101_0346.JPG,50.4800,235.4146,-0.2097,37.7050,180.4830,0.1496,43.1975,236.2135,1.7271
101_0347.JPG,127.7775,1748.5480,-1.2145,98.8575,1861.7022,-0.3161,95.7775,1446.8530,-0.2940
101_0348.JPG,111.1950,1257.9170,-0.2303,71.1775,1220.8710,0.4725,81.3050,1923.7320,0.4227
101_0349.JPG,86.2125,482.5573,-0.4566,56.4325,353.2204,-0.1632,59.4400,483.7714,-0.1929
101_0350.JPG,168.3700,1904.4131,-2.1936,111.8450,1830.3310,-0.0997,137.1650,2210.8978,-0.5379
101_0351.JPG,150.8375,1973.5661,-0.7656,122.5925,2466.2714,-0.2102,116.4400,2543.8464,0.1699
101_0352.JPG,103.4800,3930.8296,0.3733,98.9500,2907.0675,0.2187,109.8425,4282.5577,0.2251
101_0353.JPG,103.6675,2467.3519,-0.6633,93.5350,2043.8488,-0.5982,80.4700,1534.5391,-0.1041
101_0354.JPG,92.0675,2428.8029,0.6739,76.1975,2628.0935,1.4000,80.4625,2600.2286,1.3405
101_0355.JPG,115.0300,1460.5541,0.1550,96.9850,1362.0198,0.5532,89.7075,1226.5019,0.6104
101_0356.JPG,168.4525,76.5127,-0.7210,184.4425,246.1267,-1.1632,202.0950,450.0510,-1.5371
101_0357.JPG,162.2750,795.0794,-0.8061,110.5875,1497.4023,0.2088,110.9275,994.3072,0.0645
101_0358.JPG,147.4100,1194.1969,-1.2874,88.2150,1009.4088,-0.7101,77.8750,466.7894,-0.6833
101_0359.JPG,144.6100,2457.4729,-0.4917,84.5550,1448.3720,-0.0503,72.1625,921.3811,0.0963
101_0360.JPG,119.2975,2764.3640,-0.1472,89.7525,2103.5712,0.2029,88.0075,2112.2324,0.4647
101_0361.JPG,119.0825,1065.2007,-0.7458,81.3375,739.4886,-0.3419,68.4050,657.1460,0.2169
101_0362.JPG,133.6575,3212.1202,-0.4431,98.4800,2126.8046,0.0611,89.2950,2048.8280,0.6647
101_0363.JPG,107.5875,3195.4373,0.6686,80.0275,3579.9667,1.3931,77.5225,3577.9295,1.2585
101_0364.JPG,119.8275,1236.1227,-0.6835,97.9775,1368.0470,-0.5814,89.0325,1172.1964,-0.4088
101_0365.JPG,127.6275,2496.2687,-0.8823,95.2975,1681.9590,0.0946,87.4150,1494.3178,0.5198
101_0366.JPG,117.3300,3049.3461,-0.1737,76.1050,2124.0840,1.1370,79.9225,1839.1215,1.3443
101_0367.JPG,137.4525,2860.0277,-1.0634,90.1375,1482.2636,-0.6227,82.7225,1054.2655,-0.1664
101_0368.JPG,166.5175,2799.8497,-1.0740,116.2200,2684.4766,-0.1070,119.6450,2118.9340,-0.1242
101_0369.JPG,101.6475,5751.7232,0.0837,77.3850,4382.5018,0.7201,81.9800,3919.1146,0.6990
101_0370.JPG,123.8075,1286.3754,-0.9609,75.1675,812.6244,-0.0733,70.0950,497.1360,0.5837
101_0371.JPG,180.5525,2391.1822,-1.5715,118.9825,2190.5072,-0.1822,118.6225,1762.0900,-0.2417
101_0372.JPG,165.5250,1592.3744,-1.5970,92.2475,1940.2362,0.8651,105.6850,1629.9358,0.6899
101_0373.JPG,166.1350,698.2868,-0.9466,107.6925,1319.5379,0.6342,112.2525,1137.6837,0.9279
101_0374.JPG,131.2500,7152.3875,-0.2933,94.5750,3813.6094,-0.1624,90.2350,2994.5098,-0.0971
101_0375.JPG,118.7175,2407.1077,-0.3533,84.6675,2230.9669,0.3054,101.0450,3174.3330,0.2577
101_0376.JPG,138.1825,2137.2792,-0.8921,104.5925,1734.4364,0.1233,118.7700,2553.6871,0.1065
101_0377.JPG,135.0150,1655.9598,-0.8459,108.7250,1513.7494,0.1087,114.1400,1776.9804,0.3016
101_0378.JPG,98.0150,1015.4948,-0.8209,67.1600,822.1594,0.6871,67.5625,1057.7911,0.9926
101_0379.JPG,159.2950,1301.4630,-1.8942,129.7750,2086.3994,0.2591,147.6750,2234.9044,-0.2698
101_0380.JPG,139.2350,738.1248,0.5983,105.0050,1438.0150,1.6688,100.9500,1361.4775,1.6519
101_0381.JPG,95.1125,596.9748,1.0832,72.7325,943.4959,1.7852,69.2650,1006.4548,1.8830
101_0382.JPG,104.4700,457.5791,-0.8755,75.0900,379.8219,0.6055,67.4775,408.5095,1.4614
101_0383.JPG,134.4575,1318.6382,0.1792,102.0925,2170.4889,1.3262,94.9800,2300.1546,1.5218
101_0384.JPG,114.8550,678.8540,0.2542,92.0625,806.7036,0.4756,83.4225,895.5940,0.9299
101_0385.JPG,135.5175,1117.9897,-0.3460,112.9700,1376.6191,0.6911,109.8900,2287.9179,0.6764
101_0386.JPG,144.5900,1200.0569,-0.4635,64.9100,1578.8619,1.7006,61.0350,1063.5238,2.1319
101_0387.JPG,136.6000,1766.8850,-0.0999,112.2275,2051.4157,0.6499,134.2675,2853.3409,0.3434
101_0388.JPG,88.5025,1978.8200,0.3743,63.3225,1814.0985,1.5734,64.1025,1940.3720,1.7430
101_0389.JPG,176.7525,1118.5862,-1.1473,151.1375,1598.9786,-0.0642,148.4300,1505.2351,0.1221
101_0390.JPG,188.0625,970.7686,-1.0061,177.0725,1315.0322,-0.6417,173.0875,1915.0048,-0.5373
101_0391.JPG,114.7625,1970.2111,-0.1701,96.8325,2140.3794,0.7582,92.6450,2190.4840,0.9109
101_0392.JPG,146.8125,1506.9723,-0.7194,137.4250,1728.1944,-0.3488,132.5425,2142.8332,-0.1614
101_0393.JPG,152.6650,1366.2828,-1.0622,129.7575,1496.2987,-0.9510,118.4950,1483.3250,-0.8456
101_0394.JPG,90.0325,3411.7764,0.5746,67.5150,2447.6848,1.2407,64.7450,2299.1400,1.1303
101_0395.JPG,157.2425,3317.3937,-0.7273,143.1100,3128.5429,-0.8521,146.9950,3301.7500,-0.7552
101_0396.JPG,126.7600,5268.7124,-0.1436,101.5425,4164.8282,0.2855,104.0050,4340.6100,0.2235
101_0397.JPG,129.7925,2646.5544,-0.2739,92.3900,2514.1129,0.8594,88.6700,2165.9761,0.6779
101_0398.JPG,122.0475,1095.6952,-0.4141,86.1625,838.1361,-0.0051,80.8450,884.5710,-0.3121
101_0399.JPG,147.8325,4456.3894,-0.8377,119.9850,4351.4948,-0.0946,121.2425,4385.1187,-0.2127
101_0400.JPG,122.8375,3855.6161,0.4528,93.3675,4668.1424,0.9444,97.4150,4895.9028,0.7300
101_0401.JPG,152.6600,1712.9394,-0.5058,123.5825,1919.1482,-0.2758,119.5450,2078.2030,-0.2970
101_0402.JPG,130.3950,2983.8240,-0.3030,103.8950,3169.9640,0.0655,104.1100,3394.0529,0.0046
101_0403.JPG,97.7025,3657.7640,0.4353,83.3475,3510.9517,0.7395,85.2800,3412.7066,0.8044
101_0404.JPG,99.4850,608.7298,-0.7350,80.2975,568.1890,-0.5490,75.4975,682.1250,-0.5148
101_0405.JPG,117.0900,2167.2519,-0.6262,92.0950,1884.4260,-0.2359,93.0175,2133.6322,-0.1748
101_0406.JPG,111.4500,2863.4675,0.0941,75.8800,2395.1106,0.9471,77.1075,2283.1059,0.6525
101_0407.JPG,152.9750,1637.9444,-1.5569,101.6425,1149.2247,-0.9128,97.6175,1088.2262,-0.9502
101_0408.JPG,184.4275,1218.3847,-1.2521,129.4750,1681.2244,-0.6658,134.0075,1820.9724,-1.0323
101_0409.JPG,109.1650,3428.3278,0.2471,75.3800,3219.7656,1.3120,77.9300,3019.2551,1.0005
101_0410.JPG,142.9950,772.1050,-2.0201,96.8375,599.2711,-1.3031,97.0125,801.4473,-0.9399
101_0411.JPG,167.5125,1160.6148,-1.2186,127.1750,1221.6894,-0.6201,132.3175,1530.3317,-0.7291
101_0412.JPG,142.5775,2263.2840,-0.4059,99.4150,2313.0178,0.7598,96.4925,2080.0449,0.6411
101_0413.JPG,117.5900,1456.3419,-0.1786,79.1100,869.2879,0.0100,70.7650,894.4748,0.1626
101_0414.JPG,125.6100,2092.5329,-1.0638,90.2775,1892.1205,0.3476,86.4200,1667.2436,0.3443
101_0415.JPG,138.9725,1396.2067,-0.1397,108.8500,1863.6825,0.4366,103.0850,1804.2828,0.5052
101_0416.JPG,108.7100,1624.4509,0.0109,80.8725,1209.5612,0.0612,71.5325,1205.7539,0.2437
101_0417.JPG,127.4550,1953.6430,-1.0319,98.3900,1833.3779,-0.1446,94.0775,1578.1465,-0.2102
101_0418.JPG,135.9700,1452.6491,-0.0372,86.8750,1576.3494,0.8069,85.2550,1669.0850,0.4595
101_0419.JPG,138.4625,1107.2136,-0.5894,92.5900,656.7419,-0.0480,85.0750,778.9644,-0.0896
101_0420.JPG,141.3450,2977.9060,-1.3803,98.9700,1827.7041,-0.7903,94.7425,1820.3412,-0.5999
101_0421.JPG,156.7500,1269.6225,-0.2650,113.8025,1994.3635,0.5626,113.2000,2155.2900,0.4131
101_0422.JPG,133.0450,1119.3680,-0.7445,101.3575,914.1647,-0.2269,93.8650,1136.0268,0.1867
101_0423.JPG,113.5075,1326.2699,-0.4227,89.0750,1054.5194,0.3567,90.3900,1263.2679,0.3965
101_0424.JPG,133.3275,3302.0252,-0.4672,102.8425,3039.4977,0.0671,104.0025,3384.0825,0.0347
101_0425.JPG,131.7575,1611.2837,-0.9044,114.0775,1443.2015,-0.5765,110.2150,1842.4738,-0.2978
101_0426.JPG,117.0625,2166.9386,-0.3401,95.3925,2122.7434,0.1674,92.3100,2256.2889,0.2150
101_0427.JPG,137.6950,1205.2370,-0.2730,111.2375,1477.4311,-0.1953,114.5300,1662.8491,-0.1899
101_0428.JPG,129.6250,1537.5244,-0.1376,105.9050,1248.1110,-0.1180,104.8925,1645.8559,0.0263
101_0429.JPG,108.7925,2092.8344,-0.2024,93.3800,2049.8856,0.3649,95.0100,2289.1949,0.2676
101_0430.JPG,137.1975,1271.1235,-0.0743,116.4400,1653.1864,0.3392,123.9575,1728.6757,0.1117
101_0431.JPG,123.7550,1389.4550,-0.1089,93.3800,1161.5956,-0.0434,92.2725,1352.6382,0.1176
101_0432.JPG,117.6725,675.1102,-0.7577,95.9600,797.8834,-0.9324,97.1300,926.7781,-0.7343
101_0433.JPG,132.3150,1681.8058,-0.1689,110.0075,1326.9224,0.3874,110.2950,1449.6480,0.2363
101_0434.JPG,114.3675,2039.2924,-0.3677,88.4225,1220.9240,-0.2642,80.6350,1396.7618,0.0198
101_0435.JPG,115.3900,1006.7379,0.0310,86.5500,866.1325,0.0158,86.8025,1024.5635,0.2267
101_0436.JPG,122.3275,1974.5252,-0.8592,101.0225,1946.8470,-0.0381,98.7150,1818.7438,-0.1251
101_0437.JPG,116.9125,908.1598,0.1639,107.3200,666.4426,0.6502,99.8700,892.0481,1.0315
101_0438.JPG,101.5225,988.6345,-0.4621,77.8275,896.9627,0.2410,71.2550,786.9100,0.3235
101_0439.JPG,155.3200,1490.2326,-0.3033,116.4750,2014.2244,0.8772,114.6200,1575.7706,0.6709
101_0440.JPG,117.5650,1179.2208,-0.3152,82.6575,792.4502,-0.1215,78.8650,949.0918,0.1675
101_0441.JPG,127.3375,951.1986,-0.5686,92.4525,858.0177,-0.4146,90.7625,963.6211,-0.1366
101_0442.JPG,126.0725,1969.2522,0.1908,108.6475,2648.8382,0.9336,114.7575,2717.8987,0.6244
101_0443.JPG,132.3950,854.1490,0.1203,115.7025,891.3190,0.3831,109.8650,1288.4718,0.8118
101_0444.JPG,107.5100,1083.0899,0.0418,85.1450,1485.6140,0.7347,81.9500,1300.1175,0.7081
101_0445.JPG,146.3850,1952.0568,-0.1862,105.0500,2650.6025,0.3540,104.2425,2455.5887,0.1483
101_0446.JPG,114.9475,1204.7447,-0.7187,86.8525,893.2607,-0.4292,85.4500,1000.8175,-0.1853
101_0447.JPG,104.4525,1012.6227,-0.4914,77.0900,927.6619,0.2337,77.5225,958.1845,0.5571
101_0448.JPG,129.9350,2931.6158,-0.4755,104.0525,3099.5697,0.2395,107.9250,3014.9694,0.0467
101_0449.JPG,97.4825,915.4647,0.4635,78.5825,709.4232,0.8117,72.2100,889.5759,0.9247
101_0450.JPG,97.0375,734.6011,-0.8030,71.7350,492.8048,0.3257,70.1725,455.1377,0.1956
101_0451.JPG,146.5000,1324.3800,-0.4940,125.4075,2197.0564,-0.0602,126.2325,2241.5234,-0.1475
101_0452.JPG,161.8650,1010.3568,-0.0011,148.9700,1199.8291,0.3169,140.4825,1608.5797,0.4084
101_0453.JPG,139.4875,1419.5248,-0.6415,123.3800,2159.5456,0.1291,126.0125,2358.0323,0.2063
101_0454.JPG,160.3500,1565.6775,-0.2735,118.9225,1756.0865,0.3780,112.7175,1999.8127,0.3110
101_0455.JPG,113.1900,697.6389,-0.6488,85.7200,544.0416,-0.7645,79.2150,573.7188,-0.6739
101_0456.JPG,139.1050,2729.8040,-0.8367,105.1225,1576.8575,-0.3961,96.8175,1527.7942,-0.1744
101_0457.JPG,135.4550,2220.1430,-0.6050,103.6400,2216.6654,0.1558,109.6400,2427.5204,0.0426
101_0458.JPG,124.2425,1157.6837,-0.4428,92.9575,1047.9257,0.0335,86.1100,1047.5029,0.1120
101_0459.JPG,113.1225,1537.9575,-0.8074,82.2625,1021.5786,-0.4414,84.3700,1163.9431,-0.4989
101_0460.JPG,124.3800,4615.9006,0.2144,100.4550,3619.6980,0.4983,108.7000,4406.2900,0.4304
101_0461.JPG,144.5925,3433.4814,-0.3363,127.6300,3744.0681,0.0240,134.5000,4281.3000,0.0576
101_0462.JPG,134.1350,3718.1668,0.1435,117.7775,3327.5030,0.1470,122.2575,3790.8862,0.2054
101_0463.JPG,137.2575,5077.1312,0.0012,110.2475,5029.6612,0.3252,120.0725,5963.2822,0.2062
101_0464.JPG,158.7050,3087.7080,-1.1002,150.0250,3417.9894,-0.7684,153.6575,3456.9202,-0.7570
101_0465.JPG,155.2375,3980.9261,-0.5478,141.8625,4139.0786,-0.3419,149.6725,4257.6952,-0.4407
101_0466.JPG,106.5950,1370.3110,0.2419,75.1025,1895.0720,1.4282,75.3625,1720.3011,1.5823
101_0467.JPG,94.5800,350.7036,-0.0247,79.3425,374.7102,0.2258,69.6575,364.3652,0.3698
101_0468.JPG,159.9150,1104.4678,0.3356,109.6550,2818.4910,0.7340,113.3200,2537.7676,0.7298
101_0469.JPG,171.0125,1260.5473,0.1408,113.2000,3728.2850,0.3248,113.5075,2387.1399,0.3430
101_0470.JPG,114.9350,2767.2858,0.0860,104.0300,2024.4391,0.1332,97.7350,1766.0348,0.1686
101_0471.JPG,107.6075,1661.5684,0.1158,90.8600,1471.4704,0.3229,91.2175,1464.7402,0.3172
101_0472.JPG,128.9200,623.2936,-0.3691,57.3950,262.3640,-0.1096,50.3550,207.2190,0.1741
101_0473.JPG,119.1450,671.9440,-0.6826,41.6900,376.3939,1.7211,30.1675,140.2794,1.0327
101_0474.JPG,151.7600,1126.6674,0.6574,119.3100,2523.1589,1.0193,127.5850,2101.9578,0.9573
101_0475.JPG,142.0700,1917.1901,-0.7184,108.1725,1615.2127,-0.2861,103.7700,1947.3121,-0.0989
101_0476.JPG,163.1525,1688.2192,-1.5255,141.7625,2062.6561,-0.9212,145.4500,1893.2625,-0.9570
101_0477.JPG,159.6950,3412.1220,-0.5427,127.4625,4614.2686,-0.0095,135.6100,4621.3779,-0.2263
101_0478.JPG,151.8275,1385.8477,-0.9930,100.2800,1129.4466,-0.2418,97.0575,1366.1692,0.0511
101_0479.JPG,148.5650,4266.7158,-0.1051,125.1075,5515.4259,0.1902,129.0575,5590.8192,0.1310
101_0480.JPG,147.3950,1840.7440,-0.1882,112.9175,2149.1657,1.0856,110.0575,2215.3692,0.8980
101_0481.JPG,124.4875,3011.8398,-0.5624,102.3000,2085.5350,-0.4121,90.8275,1863.0827,-0.0588
101_0482.JPG,85.5375,1477.4436,0.8153,62.9775,1143.5370,1.3166,59.0825,1374.0057,1.8539
101_0483.JPG,148.2700,2586.3521,-0.9304,109.4500,2859.8775,0.6852,112.4325,2565.0604,0.5342
101_0484.JPG,151.6750,978.7994,-1.3104,126.0775,1032.1315,-1.4579,123.4850,1036.6048,-1.3414
101_0485.JPG,157.8675,1924.4049,-0.5427,139.4400,3110.7964,-0.3692,141.9450,3310.2670,-0.4412
101_0486.JPG,164.2225,2189.3830,-0.9104,126.7825,2593.1652,0.0016,142.9175,1900.7607,-0.3969
101_0487.JPG,139.4850,1816.0698,-0.8100,101.1775,1279.6210,-0.5655,90.1300,1438.0431,-0.3006
101_0488.JPG,147.3550,2231.9740,-0.5182,126.2525,2492.8637,-0.0673,136.3125,2268.0598,-0.3594
101_0489.JPG,144.9050,1621.1460,-1.5737,122.4750,1573.1894,-1.1080,132.2025,1779.6765,-0.9922
101_0490.JPG,142.8500,1941.1525,-0.9176,108.4300,1637.7101,-0.3967,106.2550,1788.5900,-0.2496
101_0491.JPG,103.5900,1713.9719,-0.2370,78.5300,1392.8591,0.2332,82.0875,1677.3798,0.3433
101_0492.JPG,176.7875,2534.0873,-1.6630,127.5350,2402.0088,-0.5223,124.4400,2370.3014,-0.4069
101_0493.JPG,154.7900,492.1209,-0.1817,118.7325,693.4859,0.5933,112.3550,719.3790,0.2444
101_0494.JPG,128.0975,1882.5180,-0.1207,99.2025,1852.3415,0.3249,93.4175,1851.1432,0.5289
101_0495.JPG,165.0100,2781.8349,-1.5629,132.9600,2936.2184,-0.3840,133.7475,2830.6887,-0.5032
101_0496.JPG,141.3425,594.1652,-1.0737,107.4825,562.2797,-0.2436,101.4700,757.6741,-0.3921
101_0497.JPG,152.5975,1621.0355,-0.2770,129.6325,2180.5624,-0.2902,128.1250,2614.0044,-0.1101
101_0498.JPG,171.8225,996.0460,0.3992,144.1400,2279.0804,0.6722,153.4750,1923.5894,0.4240
101_0499.JPG,168.7425,1656.2912,-1.2569,143.5775,2662.0190,-0.0320,151.8975,2245.1770,-0.4838
101_0500.JPG,144.8475,2986.5742,-0.7204,102.8125,2113.8573,-0.1348,98.8775,2317.1875,-0.0989