Nombre de la imagen,Color
101_0001,a2
101_0002,a2
101_0003,a2
101_0004,a3
101_0005,a3
101_0006,a3
101_0007,a3
101_0008,a3
101_0009,a3
101_0010,a3
101_0011,a3
101_0012,a3
101_0013,a35
101_0014,a35
101_0015,a35
101_0016,a2
101_0017,a2
101_0018,a2
101_0019,a1
101_0020,a1
101_0021,a1
101_0022,a2
101_0023,a2
101_0024,a2
101_0025,a2
101_0026,a2
101_0027,a1
101_0028,a1
101_0029,a1
101_0030,a1
101_0031,a1
101_0032,a1
101_0033,a1
101_0034,a1
101_0035,a1
101_0036,a2
101_0037,a2
101_0038,a2
101_0039,a1
101_0040,a1
101_0041,a1
101_0042,a1
101_0043,a1
101_0044,a1
101_0045,a1
101_0046,a1
101_0047,a1
101_0048,a1
101_0049,a1
101_0050,a1
101_0051,a1
101_0052,a2
101_0053,a2
101_0054,a1
101_0055,a1
101_0056,a2
101_0057,a1
101_0058,a1
101_0059,a2
101_0060,a1
101_0061,a1
101_0062,a1
101_0063,a1
101_0064,a2
101_0065,a2
101_0066,a2
101_0067,a1
101_0068,a1
101_0069,a1
101_0070,a2
101_0071,a2
101_0072,a2
101_0073,a1
101_0074,a1
101_0075,a1
101_0076,a2
101_0077,a2
101_0078,a2
101_0079,a2
101_0080,a2
101_0081,a2
101_0082,a2
101_0083,a2
101_0084,a1
101_0085,a1
101_0086,a1
101_0087,a1
101_0088,a1
101_0089,a2
101_0090,a1
101_0091,a1
101_0092,a35
101_0093,a35
101_0094,a35
101_0095,a2
101_0096,a2
101_0097,a2
101_0098,a3
101_0099,a3
101_0100,a3
101_0101,a2
101_0102,a2
101_0103,a1
101_0104,a1
101_0105,a1
101_0106,a2
101_0107,a1
101_0108,a2
101_0109,a2
101_0110,a2
101_0111,a1
101_0112,a2
101_0113,a1
101_0114,a1
101_0115,a1
101_0116,a2
101_0117,a2
101_0118,a2
101_0119,a1
101_0120,a35
101_0121,a3
101_0122,a2
101_0123,a2
101_0124,a2
101_0125,a1
101_0126,a2
101_0127,a2
101_0128,a2
101_0129,a1
101_0130,a1
101_0131,a1
101_0132,a1
101_0133,a2
101_0134,a2
101_0135,a1
101_0136,a2
101_0137,a2
101_0138,a2
101_0139,a3
101_0140,a3
101_0141,a2
101_0142,a1
101_0143,a1
101_0144,a2
101_0145,a2
101_0146,a2
101_0147,a2
101_0148,a2
101_0149,a3
101_0150,a3
101_0151,a3
101_0152,a3
101_0153,a3
101_0154,a3
101_0155,a2
101_0156,a2 
101_0157,a2
101_0158,a2
101_0159,a2
101_0160,a2
101_0161,a2
101_0162,a2
101_0163,a2
101_0164,a2
101_0165,a2
101_0166,a2
101_0167,a2
101_0168,a2
101_0169,a2
101_0170,a2
101_0171,a2
101_0172,a1
101_0173,a1
101_0174,a1
101_0175,a1
101_0176,a1
101_0177,a1
101_0178,a2
101_0179,a3 
101_0180,a3
101_0181,a3
101_0182,a2
101_0183,a2
101_0184,a2
101_0185,a2
101_0186,a2
101_0187,a2
101_0188,a2
101_0189,a2
101_0190,a2
101_0191,a1
101_0192,a1
101_0193,a1
101_0194,a2
101_0195,a2
101_0196,a2
101_0197,a2
101_0198,a2
101_0199,a2
101_0200,a2
101_0201,a2
101_0202,a2
101_0203,a2
101_0204,a2
101_0205,a1
101_0206,a1
101_0207,a1
101_0208,a1
101_0209,a1
101_0210,a1
101_0211,a2
101_0212,a2
101_0213,a2
101_0214,a2
101_0215,a2
101_0216,a35
101_0217,a35
101_0218,a35
101_0219,a1
101_0220,a1
101_0221,a1
101_0222,a2
101_0223,a2
101_0224,a2
101_0225,a2
101_0226,a2
101_0227,a2
101_0228,a2
101_0229,a2
101_0230,a2
101_0231,a2
101_0232,a2
101_0233,a2
101_0234,a3
101_0235,a3
101_0236,a3
101_0237,a2
101_0238,a2
101_0239,a2
101_0240,a3
101_0241,a3
101_0242,a3
101_0243,a2
101_0244,a2
101_0245,a2
101_0246,a2
101_0247,a2
101_0248,a2
101_0249,a1
101_0250,a1
101_0251,a1
101_0252,a3
101_0253,a3
101_0254,a3
101_0255,a2
101_0256,a2
101_0257,a2
101_0258,a1
101_0259,a1
101_0260,a1
101_0261,a2
101_0262,a2
101_0263,a2
101_0264,a2
101_0265,a2
101_0266,a2
101_0267,a3
101_0268,a3
101_0269,a3
101_0270,a3
101_0271,a3
101_0272,a3
101_0273,a1
101_0274,a1
101_0275,a1
101_0276,a3
101_0277,a3
101_0278,a3
101_0279,a2
101_0280,a2
101_0281,a2
101_0282,a2
101_0283,a2
101_0284,a2
101_0285,a2
101_0286,a2
101_0287,a2
101_0288,a3
101_0289,a3
101_0290,a3
101_0291,a2
101_0292,a2
101_0293,a2
101_0294,a1
101_0295,a1
101_0296,a1
101_0297,a4
101_0298,a4
101_0299,a4
101_0300,a2
101_0301,a2
101_0302,a2
101_0303,a2
101_0304,a2
101_0305,a2
101_0306,a3
101_0307,a3
101_0308,a3
101_0309,a3
101_0310,a3
101_0311,a3
101_0312,a3
101_0313,a3
101_0314,a3
101_0315,a3
101_0316,a3
101_0317,a3
101_0318,a3
101_0319,a3
101_0320,a3
101_0321,a2
101_0322,a2
101_0323,a2
101_0324,a2
101_0325,a3
101_0326,a2
101_0327,a3
101_0328,a3
101_0329,a3
101_0330,a3
101_0331,a3
101_0332,a3
101_0333,a1
101_0334,a1
101_0335,a1
101_0336,a2
101_0337,a2
101_0338,a2
101_0339,a2
101_0340,a2
101_0341,a2
101_0342,a3
101_0343,a3
101_0344,a3
101_0345,a2
101_0346,a3
101_0347,a2
101_0348,a2
101_0349,a2
101_0350,a1
101_0351,a2
101_0352,a2
101_0353,a2
101_0354,a2
101_0355,a3
101_0356,a2
101_0357,a3
101_0358,a3
101_0359,a3
101_0360,a35
101_0361,a35
101_0362,a35
101_0363,a1
101_0364,a1
101_0365,a1
101_0366,a1
101_0367,a1
101_0368,a1
101_0369,a2
101_0370,a2
101_0371,a2
101_0372,a1
101_0373,a1
101_0374,a1
101_0376,a2
101_0377,a3
101_0378,a1
101_0379,a1
101_0380,a2
101_0381,a2
101_0382,a2
101_0383,a1
101_0384,a1
101_0385,a1
101_0388,a2
101_0389,a2
101_0390,a2
101_0391,a2
101_0392,a2
101_0393,a2
101_0394,a2
101_0395,a2
101_0396,a2
101_0397,a2
101_0398,a2
101_0399,a2
101_0400,a2
101_0401,a2
101_0402,a2
101_0403,a2
101_0404,a2
101_0405,a2
101_0406,a3
101_0407,a3
101_0408,a3
101_0409,a2
101_0410,a2
101_0411,a2
101_0412,a2
101_0413,a2
101_0414,a2
101_0415,a3
101_0416,a3
101_0417,a3
101_0418,a2
101_0419,a2
101_0420,a2
101_0421,a2
101_0422,a2
101_0423,a2
101_0424,a2
101_0425,a2
101_0426,a2
101_0427,a2
101_0428,a2
101_0429,a2
101_0430,a2
101_0431,a2
101_0432,a2
101_0433,a1
101_0434,a1
101_0435,a1
101_0436,a2
101_0437,a2
101_0438,a2
101_0439,a3
101_0440,a3
101_0441,a3
101_0442,a3
101_0443,a3
101_0444,a3
101_0445,a3
101_0446,a3
101_0447,a3
101_0448,a3
101_0449,a3
101_0450,a3
101_0451,a1
101_0452,a1
101_0453,a1
101_0454,a2
101_0455,a2
101_0456,a2
101_0457,a1
101_0458,a1
101_0459,a1
101_0460,a35
101_0461,a35
101_0462,a35
101_0463,a3
101_0464,a3
101_0465,a3
101_0466,a1
101_0467,a1
101_0468,a1
101_0469,a2
101_0470,a2
101_0471,a2
101_0472,a3
101_0473,a3
101_0474,a1
101_0475,a1
101_0476,a1
101_0477,a1
101_0478,a1
101_0479,a1
101_0480,a2
101_0481,a2
101_0482,a2
101_0483,a1
101_0484,a1
101_0485,a1
101_0486,a2
101_0487,a2
101_0488,a2
101_0489,a2
101_0490,a2
101_0491,a2
101_0492,a2
101_0493,a2
101_0494,a2
101_0495,a2
101_0496,a2
101_0497,a2
101_0498,a2
101_0499,a2
101_0500,a2
